"session_id","advertiser_id","country","price","event_type_id","gdpr","min_cpm","priority","bid_price"
4888329313313743597,23623483929636663,US,0.00250000,3,2,2.00000000,0.38700000,0.03102
3358590102057408244,23623483929636663,US,0.00250000,3,2,1.00000000,0.38700000,0.03102
4198637933316244146,23623483929636663,US,0.00250000,3,2,2.00000000,0.38700000,0.03102
3267659534825443260,23623483929636663,US,0.00250000,3,2,1.00000000,0.38700000,0.03102
7286986078664352793,23623483929636663,US,0.00250000,3,2,2.00000000,0.38700000,0.03102
3796005850840324869,23623483929636663,US,0.00250000,3,2,2.00000000,0.38700000,0.03102
6241921537135772730,23623483929636663,US,0.00250000,3,2,1.00000000,0.38700000,0.03102
4093476151209639189,23623483929636663,US,0.00250000,3,2,2.00000000,0.38700000,0.02737
1681061968337443086,23623483929636663,US,0.00250000,3,2,4.00000000,0.38700000,0.03102
7751144311144720972,23623483929636663,US,0.00250000,3,2,2.00000000,0.38700000,0.02737
2027802469636775972,23623483929636663,US,0.00250000,3,2,1.00000000,0.38700000,0.02737
8907824102463132950,23623483929636663,US,0.00250000,3,2,2.00000000,0.38700000,0.02737
2152859582491287008,23623483929636663,US,0.00250000,3,2,2.00000000,0.38700000,0.02737
253413670406476014,23623483929636663,US,0.00250000,3,2,1.00000000,0.38700000,0.02737
2025380479330876444,23623483929636663,US,0.00250000,3,2,1.00000000,0.38700000,0.02737
6853710042739916836,23623483929636663,US,0.00250000,3,2,1.00000000,0.38700000,0.03102
4946079848515792944,23623483929636663,US,0.00250000,3,2,2.00000000,0.38700000,0.03102
2465289119194895825,23623483929636663,US,0.00250000,3,2,1.00000000,0.38700000,0.02737
2795682731169134873,23623483929636663,US,0.00250000,3,2,2.00000000,0.38700000,0.03102
8787079398639279046,23623483929636663,US,0.00250000,3,2,2.00000000,0.38700000,0.03102
713449854968963290,93331899455648127,CA,0.00072000,3,2,1.00000000,0.22046875,0.01039
971736620170658693,93331899455648127,CA,0.00072000,3,2,1.00000000,0.22046875,0.01039
2394893925200247319,93331899455648127,GB,0.00062000,3,3,2.00000000,0.18032763,0.01066
145842607240088365,93331899455648127,GB,0.00062000,3,3,1.00000000,0.17710935,0.01033
4189622362560539971,1977222,US,0.06000000,3,2,1.00000000,3.43000007,0.80649
8329430749166167848,23623483929636663,US,0.00250000,3,2,2.00000000,0.38700000,0.03102
8811028843963456541,1977222,US,0.06000000,3,2,17.00000000,3.43000007,0.80649
5971894753211857706,23623483929636663,US,0.00250000,3,2,2.00000000,0.38700000,0.03102
9039725754116455402,23623483929636663,US,0.00250000,3,2,2.00000000,0.38700000,0.03102
3017787223595015284,23623483929636663,US,0.00250000,3,2,2.00000000,0.38700000,0.03102
5409957764221731684,23623483929636663,US,0.00250000,3,2,1.00000000,0.38700000,0.02737
6040518236588789720,23623483929636663,US,0.00250000,3,2,1.00000000,0.38700000,0.03102
5053581389627391846,1977222,US,0.06000000,3,2,2.00000000,3.43000007,0.59143
877025559047325382,1977222,US,0.06000000,3,2,1.00000000,3.43000007,0.59143
677602936493692202,1977222,US,0.06000000,3,2,1.00000000,3.43000007,0.80649
1078602709650298221,1977222,US,0.06000000,3,2,1.00000000,3.43000007,0.75273
7603472245299512085,1977222,US,0.06000000,3,2,1.00000000,3.43000007,0.53766
5926222808185833732,1977222,US,0.06000000,3,2,1.00000000,3.43000007,0.80649
4693502034961901153,23623483929636663,US,0.00250000,3,2,1.00000000,0.38700000,0.03102
1352148120007918128,23623483929636663,US,0.00250000,3,2,1.00000000,0.38700000,0.03102
6437393152592599701,23623483929636663,US,0.00250000,3,2,1.00000000,0.38700000,0.03102
251744486807204177,23623483929636663,US,0.00250000,3,2,2.00000000,0.38700000,0.03102
6650961842078069621,23623483929636663,US,0.00250000,3,2,1.00000000,0.38700000,0.03102
2922660866656261017,23623483929636663,US,0.00250000,3,2,1.00000000,0.38700000,0.03102
6969841561738797092,23623483929636663,US,0.00250000,3,2,1.00000000,0.38700000,0.02509
1388565880816020118,23623483929636663,US,0.00250000,3,2,1.00000000,0.38700000,0.02372
7880775375478237487,23623483929636663,US,0.00250000,3,2,1.00000000,0.38700000,0.03102
468387006083135140,23623483929636663,US,0.00250000,3,2,2.00000000,0.38700000,0.03102
3606703552970589298,93331899455648127,GB,0.00062000,3,3,1.00000000,0.17710935,0.01033
5732851311951630764,1977222,US,0.06000000,3,2,2.00000000,3.43000007,0.64519
3299438152008612643,23623483929636663,US,0.00250000,3,2,3.00000000,0.38700000,0.02281
5928830145899380842,23623483929636663,US,0.00250000,3,2,1.00000000,0.38700000,0.03421
3089784538891307615,23623483929636663,US,0.00250000,3,2,2.00000000,0.38700000,0.03102
7538790153591024712,23623483929636663,US,0.00250000,3,2,1.00000000,0.38700000,0.03102
7656722752716057989,23623483929636663,US,0.00250000,3,2,2.00000000,0.38700000,0.03102
7581632182751519488,23623483929636663,US,0.00250000,3,2,1.00000000,0.38700000,0.03102
2922632117389304241,23623483929636663,US,0.00250000,3,2,1.00000000,0.38700000,0.03102
7475358631281168941,23623483929636663,US,0.00250000,3,2,1.00000000,0.38700000,0.03102
8713053710748362712,23623483929636663,US,0.00250000,3,2,2.00000000,0.38700000,0.03102
8643354478779615198,23623483929636663,US,0.00250000,3,2,1.00000000,0.38700000,0.03102
9169845214083048517,23623483929636663,US,0.00250000,3,2,1.00000000,0.38700000,0.02281
6752986054243295936,23623483929636663,US,0.00250000,3,2,2.00000000,0.38700000,0.03102
1495575580724466746,23623483929636663,US,0.00250000,3,2,2.00000000,0.38700000,0.03102
7001765044940014237,23623483929636663,US,0.00250000,3,2,3.00000000,0.38700000,0.03102
4159565211241292770,23623483929636663,US,0.00250000,3,2,4.00000000,0.38700000,0.02737
7184516442705026740,23623483929636663,US,0.00250000,3,2,3.00000000,0.38700000,0.03102
2278605153260626329,93331899455648127,AU,0.00062000,3,2,2.00000000,0.12531074,0.01145
5691168725337230651,93331899455648127,GB,0.00062000,3,3,1.00000000,0.18032763,0.01066
39473658860896526,93331899455648127,GB,0.00062000,3,3,1.00000000,0.17710935,0.01260
8519147868659908953,1977222,US,0.06000000,3,2,1.00000000,3.43000007,0.75273
2288727447600531747,1977222,US,0.06000000,3,2,2.00000000,3.43000007,0.59143
3106171069397764646,1977222,US,0.06000000,3,2,2.00000000,3.43000007,0.75273
5549861449459605084,1977222,US,0.06000000,3,2,2.00000000,3.43000007,0.80649
7477884407070236326,1977222,US,0.06000000,3,2,2.00000000,3.43000007,0.59143
9101025085684383230,1977222,US,0.06000000,3,2,1.00000000,3.43000007,0.80649
1140976184597138877,1977222,US,0.06000000,3,2,1.00000000,3.43000007,0.80649
1933569283806108331,1977222,US,0.06000000,3,2,3.00000000,3.43000007,0.80649
8351454958966900777,23623483929636663,US,0.00250000,3,2,1.00000000,0.38700000,0.02737
2582753734532253541,23623483929636663,US,0.00250000,3,2,2.00000000,0.38700000,0.03102
1086426557639098745,23623483929636663,US,0.00250000,3,2,2.00000000,0.38700000,0.03102
1623546168059864869,23623483929636663,US,0.00250000,3,2,1.00000000,0.38700000,0.03102
6270815378908903742,23623483929636663,US,0.00250000,3,2,2.00000000,0.38700000,0.02281
2710648176019459782,23623483929636663,US,0.00250000,3,2,1.00000000,0.38700000,0.02372
8652850057777496601,23623483929636663,US,0.00250000,3,2,2.00000000,0.38700000,0.03102
6520559687221011829,23623483929636663,US,0.00250000,3,2,1.00000000,0.38700000,0.02372
7713057598700892815,23623483929636663,US,0.00250000,3,2,2.00000000,0.38700000,0.03102
7008902032772209429,23623483929636663,US,0.00250000,3,2,2.00000000,0.38700000,0.02737
6084816562638979878,23623483929636663,US,0.00250000,3,2,1.00000000,0.38700000,0.03102
4833957740454912456,23623483929636663,US,0.00250000,3,2,2.00000000,0.38700000,0.02737
1435157619701336583,23623483929636663,US,0.00250000,3,2,1.00000000,0.38700000,0.02737
2857750981227437837,93331899455648127,AU,0.00062000,3,2,2.00000000,0.13258772,0.01145
2375661811647909767,93331899455648127,GB,0.00062000,3,3,1.00000000,0.17710935,0.01066
1658005451303893547,1977222,US,0.06000000,3,2,6.00000000,3.43000007,0.64519
5303366301868211925,1977222,US,0.06000000,3,2,2.00000000,3.43000007,0.80649
6118265347431634659,1977222,US,0.06000000,3,2,2.00000000,3.43000007,0.53766
5892624434889859439,1977222,US,0.06000000,3,2,1.00000000,3.43000007,0.53766
1789871500091693215,1977222,US,0.06000000,3,2,1.00000000,3.43000007,0.80649
2502647889501270707,1977222,US,0.06000000,3,2,1.00000000,3.43000007,0.64519
611677621199766675,1977222,US,0.06000000,3,2,1.00000000,3.43000007,0.75273
8958153251656302379,1977222,US,0.06000000,3,2,8.00000000,3.43000007,0.59143
1938587194155517393,1977222,US,0.06000000,3,2,1.00000000,3.43000007,0.64519
139735532337471323,1977222,US,0.06000000,3,2,1.00000000,3.43000007,0.59143
1375363703243666618,1977222,US,0.06000000,3,2,2.00000000,1.07532212,0.53766
5987691186788486145,1977222,US,0.06000000,3,2,3.00000000,3.43000007,0.75273
5639755684318425270,1977222,US,0.06000000,3,2,1.00000000,3.43000007,0.53766
1848815135991614926,1977222,US,0.06000000,3,2,1.00000000,3.43000007,0.59143
7792560780037266816,1977222,US,0.06000000,3,2,1.00000000,3.43000007,0.75273
264571130807056025,1977222,US,0.06000000,3,2,1.00000000,3.43000007,0.80649
1855658874038572128,1977222,US,0.06000000,3,2,2.00000000,3.43000007,0.59143
8623158970956773838,1977222,US,0.06000000,3,2,4.00000000,3.43000007,0.59143
5981889110097744154,1977222,US,0.06000000,3,2,1.00000000,3.43000007,0.59143
3696371531338757013,23623483929636663,US,0.00250000,3,2,2.00000000,0.38700000,0.03102
8170048596008645700,23623483929636663,US,0.00250000,3,2,1.00000000,0.38700000,0.03102
8971998800827087923,23623483929636663,US,0.00250000,3,2,1.00000000,0.38700000,0.03102
7271933198134540326,23623483929636663,US,0.00250000,3,2,2.00000000,0.38700000,0.02737
5916291545163740548,23623483929636663,US,0.00250000,3,2,1.00000000,0.38700000,0.02737
6776703115659296734,23623483929636663,US,0.00250000,3,2,1.00000000,0.38700000,0.02737
46218008557886703,23623483929636663,US,0.00250000,3,2,1.00000000,0.38700000,0.03102
6140397597423980916,23623483929636663,US,0.00250000,3,2,2.00000000,0.38700000,0.02737
3333134650271623639,23623483929636663,US,0.00250000,3,2,1.00000000,0.38700000,0.03102
4530874890163685916,23623483929636663,US,0.00250000,3,2,1.00000000,0.38700000,0.03102
7502601592587464950,23623483929636663,US,0.00250000,3,2,2.00000000,0.38700000,0.03102
8230015561564915711,23623483929636663,US,0.00250000,3,2,1.00000000,0.38700000,0.02737
1936772815671097478,23623483929636663,US,0.00250000,3,2,1.00000000,0.38700000,0.03102
7804693606818357298,23623483929636663,US,0.00250000,3,2,1.00000000,0.38700000,0.03102
6800169863436847164,23623483929636663,US,0.00250000,3,2,1.00000000,0.38700000,0.03102
1395591635636201997,23623483929636663,US,0.00250000,3,2,3.00000000,0.38700000,0.02281
5125749821234941109,23623483929636663,US,0.00250000,3,2,1.00000000,0.38700000,0.02737
2438846611142965457,23623483929636663,US,0.00250000,3,2,1.00000000,0.38700000,0.03102
3407731488726196196,23623483929636663,US,0.00250000,3,2,1.00000000,0.38700000,0.02372
594793348629099790,23623483929636663,US,0.00250000,3,2,1.00000000,0.38700000,0.02281
9058733003873962639,23623483929636663,US,0.00250000,3,2,2.00000000,0.38700000,0.02737
4343164137151664293,23623483929636663,US,0.00250000,3,2,1.00000000,0.38700000,0.03102
7005845353225398589,23623483929636663,US,0.00250000,3,2,2.00000000,0.38700000,0.03102
4972321677216052429,23623483929636663,US,0.00250000,3,2,2.00000000,0.38700000,0.03102
8382541314898270188,23623483929636663,US,0.00250000,3,2,2.00000000,0.38700000,0.03421
5590961937038051725,23623483929636663,US,0.00250000,3,2,1.00000000,0.38700000,0.03102
3605407994422049233,23623483929636663,US,0.00250000,3,2,1.00000000,0.38700000,0.02372
542751455445304350,23623483929636663,US,0.00250000,3,2,2.00000000,0.38700000,0.02737
4241446720292141700,23623483929636663,US,0.00250000,3,2,2.00000000,0.38700000,0.03102
8399975638772426892,23623483929636663,US,0.00250000,3,2,1.00000000,0.38700000,0.02737
1032761807498559023,23623483929636663,US,0.00250000,3,2,2.00000000,0.38700000,0.02737
5800248921209694744,23623483929636663,US,0.00250000,3,2,1.00000000,0.38700000,0.03102
3080632441569297299,23623483929636663,US,0.00250000,3,2,1.00000000,0.38700000,0.03102
2271009113000791745,23623483929636663,US,0.00250000,3,2,2.00000000,0.38700000,0.02737
2309157660963194957,23623483929636663,US,0.00250000,3,2,2.00000000,0.38700000,0.03102
6408340107986259887,23623483929636663,US,0.00250000,3,2,1.00000000,0.38700000,0.03102
8750315990329765829,23623483929636663,US,0.00250000,3,2,1.00000000,0.38700000,0.03102
7855020015886048993,23623483929636663,US,0.00250000,3,2,1.00000000,0.38700000,0.03102
4143938358525480447,93331899455648127,GB,0.00062000,3,3,1.00000000,0.17710935,0.01033
1393926226454540008,1977222,US,0.06000000,3,2,1.00000000,3.43000007,0.76361
40944022600901628,1977222,US,0.06000000,3,2,1.00000000,3.43000007,0.76361
5992698914145933028,1977222,US,0.06000000,3,2,2.00000000,3.43000007,0.61089
972157980382244806,1977222,US,0.06000000,3,2,2.00000000,3.43000007,0.50907
5656583051271078818,1980574,GB,0.03500000,3,3,1.00000000,3.21000004,0.31234
4796057942138124880,23623483929636663,US,0.00250000,3,2,1.00000000,0.38700000,0.03404
7436984375022793288,23623483929636663,US,0.00250000,3,2,2.00000000,0.38700000,0.03404
3981204128665825979,23623483929636663,US,0.00250000,3,2,1.00000000,0.38700000,0.03404
4425569145724810501,23623483929636663,US,0.00250000,3,2,1.00000000,0.38700000,0.03504
2121539057059834213,1980574,GB,0.03500000,3,3,1.00000000,3.21000004,0.31234
8152945690344268253,23623483929636663,US,0.00250000,3,2,2.00000000,0.38700000,0.02503
848288294416688333,23623483929636663,US,0.00250000,3,2,1.00000000,0.38700000,0.03404
5364369178630611754,23623483929636663,US,0.00250000,3,2,2.00000000,0.38700000,0.03404
6394581369166618851,1980574,GB,0.03500000,3,3,2.00000000,3.21000004,0.36115
6343157858805840645,23623483929636663,US,0.00250000,3,2,1.00000000,0.38700000,0.03404
633223776208533081,1977222,US,0.06000000,3,2,1.00000000,3.43000007,0.55998
3690438691842679184,1977222,US,0.06000000,3,2,1.00000000,3.43000007,0.71270
1984558551725128127,1977222,US,0.06000000,3,2,2.00000000,3.43000007,0.61089
3206016070365572115,1977222,US,0.06000000,3,2,2.00000000,3.43000007,0.55998
8500217991752224291,1977222,US,0.06000000,3,2,2.00000000,3.43000007,0.55998
7969993178285901425,1977222,US,0.06000000,3,2,1.00000000,3.43000007,0.55998
3991435263302165794,1980574,GB,0.03500000,3,3,2.00000000,3.21000004,0.36115
4687016914447144563,23623483929636663,US,0.00250000,3,2,1.00000000,0.38700000,0.03404
4672639659543228524,23623483929636663,US,0.00250000,3,2,1.00000000,0.38700000,0.03003
8740679531143812257,23623483929636663,US,0.00250000,3,2,1.00000000,0.38700000,0.03003
1433140965165151782,23623483929636663,US,0.00250000,3,2,3.00000000,0.38700000,0.02603
6632743612173127560,23623483929636663,US,0.00250000,3,2,1.00000000,0.38700000,0.02603
1887973422652323642,23623483929636663,US,0.00250000,3,2,1.00000000,0.38700000,0.03003
3605524483914091766,23623483929636663,US,0.00250000,3,2,1.00000000,0.38700000,0.03404
3371500178233542408,1977222,US,0.06000000,3,2,6.00000000,3.43000007,0.61089
1253753174951954124,1977222,US,0.06000000,3,2,1.00000000,3.43000007,0.50907
1074571728372401471,1977222,US,0.06000000,3,2,1.00000000,3.43000007,0.71270
4209056306079796315,1977222,US,0.06000000,3,2,1.00000000,3.43000007,0.61089
5570472488512588961,1977222,US,0.06000000,3,2,1.00000000,3.43000007,0.76361
7346416923349012338,23623483929636663,US,0.00250000,3,2,2.00000000,0.38700000,0.03404
7876682314154732683,23623483929636663,US,0.00250000,3,2,2.00000000,0.38700000,0.03003
4190178487591406214,23623483929636663,US,0.00250000,3,2,3.00000000,0.38700000,0.03404
2055683950941041880,23623483929636663,US,0.00250000,3,2,2.00000000,0.38700000,0.03404
564706807409251787,23623483929636663,US,0.00250000,3,2,1.00000000,0.38700000,0.03404
6413776524213026273,23623483929636663,US,0.00250000,3,2,1.00000000,0.38700000,0.03404
4933701542339681649,23623483929636663,US,0.00250000,3,2,1.00000000,0.38700000,0.03404
3742532834753728156,23623483929636663,US,0.00250000,3,2,3.00000000,0.38700000,0.03003
6059543784773507132,23623483929636663,US,0.00250000,3,2,2.00000000,0.38700000,0.03404
7433980883021069632,23623483929636663,US,0.00250000,3,2,4.00000000,0.38700000,0.03404
2181439730780153872,23623483929636663,US,0.00250000,3,2,3.00000000,0.38700000,0.03003
1389921815905729906,1977222,US,0.06000000,3,2,1.00000000,3.43000007,0.55998
765396019782976479,1977222,US,0.06000000,3,2,1.00000000,3.43000007,0.55998
8439122772995941767,1977222,US,0.06000000,3,2,2.00000000,3.43000007,0.71270
1528080766282572211,1977222,US,0.06000000,3,2,1.00000000,3.43000007,0.61089
5435645481156322932,1977222,US,0.06000000,3,2,5.00000000,3.43000007,0.76361
3748143823814731343,1977222,US,0.06000000,3,2,1.00000000,3.43000007,0.50907
2094827424428658878,1977222,US,0.06000000,3,2,1.00000000,3.43000007,0.55998
2494706674446301693,1977222,US,0.06000000,3,2,1.00000000,3.43000007,0.71270
7352039725031335760,1977222,US,0.06000000,3,2,1.00000000,3.43000007,0.61089
4527198039943153102,1980574,GB,0.03500000,3,3,1.00000000,3.21000004,0.24402
5589200592060754747,23623483929636663,US,0.00250000,3,2,1.00000000,0.38700000,0.03754
5681553202891295606,23623483929636663,US,0.00250000,3,2,1.00000000,0.38700000,0.03404
7093856238259655569,23623483929636663,US,0.00250000,3,2,1.00000000,0.38700000,0.02603
5471269262075477462,23623483929636663,US,0.00250000,3,2,2.00000000,0.38700000,0.03003
5704977684673817463,23623483929636663,US,0.00250000,3,2,1.00000000,0.38700000,0.03754
3691255516715322330,23623483929636663,US,0.00250000,3,2,1.00000000,0.38700000,0.03404
3158061218909444988,23623483929636663,US,0.00250000,3,2,2.00000000,0.38700000,0.03003
4797907934677960408,23623483929636663,US,0.00250000,3,2,2.00000000,0.38700000,0.03003
664230627534516972,23623483929636663,US,0.00250000,3,2,2.00000000,0.38700000,0.03404
7809735313626634463,23623483929636663,US,0.00250000,3,2,1.00000000,0.38700000,0.03404
7452093780563559459,23623483929636663,US,0.00250000,3,2,1.00000000,0.38700000,0.03404
5006572700880055536,23623483929636663,US,0.00250000,3,2,1.00000000,0.38700000,0.03404
6056098229190162407,23623483929636663,US,0.00250000,3,2,1.00000000,0.38700000,0.03003
9144373522433536532,23623483929636663,US,0.00250000,3,2,1.00000000,0.38700000,0.03003
7873683597765411560,23623483929636663,US,0.00250000,3,2,1.00000000,0.38700000,0.02503
6963098748049938567,23623483929636663,US,0.00250000,3,2,2.00000000,0.38700000,0.03404
5544914185002752156,23623483929636663,US,0.00250000,3,2,1.00000000,0.38700000,0.03644
2607167434833222658,1977222,US,0.06000000,3,2,1.00000000,3.43000007,0.41761
8599274289795658675,136397298995916555,US,0.19000000,3,2,1.00000000,2.33999992,0.40857
2355793386899674179,136397298995916555,US,0.19000000,3,2,1.00000000,2.33999992,0.40857
8880640540219968402,136397298995916555,US,0.19000000,3,2,1.00000000,2.33999992,0.51071
7862601810930621377,136397298995916555,US,0.19000000,3,2,3.00000000,2.33999992,0.40857
3854786786270439370,136397298995916555,US,0.19000000,3,2,1.00000000,2.33999992,0.40857
3961510307686907971,136397298995916555,US,0.19000000,3,2,2.00000000,2.33999992,0.40857
7808600908715110730,136397298995916555,US,0.19000000,3,2,2.00000000,2.33999992,0.40857
3731730108979165070,136397298995916555,US,0.19000000,3,2,1.00000000,2.33999992,0.36771
1548523940912945270,136397298995916555,US,0.19000000,3,2,2.00000000,2.33999992,0.40857
2698105918333811937,136397298995916555,US,0.19000000,3,2,1.00000000,2.33999992,0.40857
1469868707011085284,136397298995916555,US,0.19000000,3,2,1.00000000,2.33999992,0.40857
2916272444300337964,136397298995916555,US,0.19000000,3,2,1.00000000,2.33999992,0.40857
6467612546942967481,136397298995916555,US,0.19000000,3,2,2.00000000,2.33999992,0.40857
1394601284138297537,136397298995916555,US,0.19000000,3,2,1.00000000,2.33999992,0.47666
8848715878899679416,136397298995916555,US,0.19000000,3,2,1.00000000,2.33999992,0.51071
8085703304137051025,136397298995916555,US,0.19000000,3,2,1.00000000,2.33999992,0.40857
5806158647560556713,136397298995916555,US,0.19000000,3,2,2.00000000,2.33999992,0.40857
9021568523403235849,136397298995916555,US,0.19000000,3,2,1.00000000,2.33999992,0.40857
7606579632744952877,136397298995916555,US,0.19000000,3,2,2.00000000,2.33999992,0.40857
3673792829214474609,136397298995916555,US,0.19000000,3,2,2.00000000,2.33999992,0.40857
3314567391843810954,136397298995916555,US,0.19000000,3,2,1.00000000,2.33999992,0.36771
1059703037096783135,136397298995916555,US,0.19000000,3,2,2.00000000,2.33999992,0.40857
8057025744993498475,136397298995916555,US,0.19000000,3,2,2.00000000,2.33999992,0.40857
7760326067483743499,136397298995916555,US,0.19000000,3,2,2.00000000,2.33999992,0.34047
1820769418480737625,136397298995916555,US,0.19000000,3,2,1.00000000,2.33999992,0.34047
2641302062066638577,136397298995916555,US,0.19000000,3,2,1.00000000,2.33999992,0.40857
3971450060085052250,136397298995916555,US,0.19000000,3,2,2.00000000,2.33999992,0.34047
8324518005823777074,136397298995916555,US,0.19000000,3,2,2.00000000,2.33999992,0.40857
1913211217028215220,136397298995916555,US,0.19000000,3,2,2.00000000,2.33999992,0.40857
582337198303768465,136397298995916555,US,0.19000000,3,2,2.00000000,2.33999992,0.40857
5268154873915156594,136397298995916555,US,0.19000000,3,2,2.00000000,2.33999992,0.40857
3687412660446060546,136397298995916555,US,0.19000000,3,2,1.00000000,2.33999992,0.40857
6694894565199392597,136397298995916555,US,0.19000000,3,2,1.00000000,2.33999992,0.40857
7134760224302828124,136397298995916555,US,0.19000000,3,2,2.00000000,2.33999992,0.40857
2921153069498034776,136397298995916555,US,0.19000000,3,2,3.00000000,2.33999992,0.51071
3606695910198853549,136397298995916555,US,0.19000000,3,2,1.00000000,2.33999992,0.36771
1335394320949800097,136397298995916555,US,0.19000000,3,2,2.00000000,2.33999992,0.40857
7004960958063878980,136397298995916555,US,0.19000000,3,2,1.00000000,2.33999992,0.40857
4166451707926956313,136397298995916555,US,0.19000000,3,2,1.00000000,2.33999992,0.40857
1695477083917135820,136397298995916555,US,0.19000000,3,2,2.00000000,2.33999992,0.51752
50914394222266316,136397298995916555,US,0.19000000,3,2,1.00000000,2.33999992,0.40857
7065453105627265052,136397298995916555,US,0.19000000,3,2,2.00000000,2.33999992,0.40857
7622003545181408727,136397298995916555,US,0.19000000,3,2,2.00000000,2.33999992,0.40857
7812784073226588993,136397298995916555,US,0.19000000,3,2,4.00000000,2.33999992,0.40857
568774471702702312,136397298995916555,US,0.19000000,3,2,2.00000000,2.33999992,0.40857
1524606142491268521,136397298995916555,US,0.19000000,3,2,2.00000000,2.33999992,0.40857
3959892624632023300,136397298995916555,US,0.19000000,3,2,2.00000000,2.33999992,0.51752
8797135782660388348,136397298995916555,US,0.19000000,3,2,1.00000000,2.33999992,0.40857
1882864314886519345,136397298995916555,US,0.19000000,3,2,1.00000000,2.33999992,0.40857
5867585519881729219,136397298995916555,US,0.19000000,3,2,1.00000000,2.33999992,0.40857
9194655037310587654,136397298995916555,US,0.19000000,3,2,2.00000000,2.33999992,0.40857
1316810398198378042,136397298995916555,US,0.19000000,3,2,2.00000000,2.33999992,0.36771
6130731648890426006,136397298995916555,US,0.15000000,3,2,1.00000000,2.82999993,0.28510
7052053594927566098,136397298995916555,US,0.15000000,3,2,2.00000000,8.56999970,0.27825
7799564167756828292,136397298995916555,US,0.15000000,3,2,2.00000000,8.56999970,0.27825
601540256160740217,136397298995916555,US,0.19000000,3,2,1.00000000,2.17000008,0.35300
828674512527268364,136397298995916555,US,0.19000000,3,2,2.00000000,2.17000008,0.35300
7867228502506441948,136397298995916555,US,0.19000000,3,2,1.00000000,2.17000008,0.35300
8730882526671320539,136397298995916555,US,0.19000000,3,2,2.00000000,2.17000008,0.41183
3482591611476822375,136397298995916555,US,0.19000000,3,2,1.00000000,2.17000008,0.35300
2529383942516736572,136397298995916555,US,0.19000000,3,2,1.00000000,2.17000008,0.35300
42818591185061814,136397298995916555,US,0.19000000,3,2,2.00000000,2.17000008,0.30593
1490140402499327134,136397298995916555,US,0.19000000,3,2,1.00000000,2.17000008,0.40006
1510324984488627705,136397298995916555,US,0.19000000,3,2,2.00000000,2.17000008,0.35300
7098709113632738599,136397298995916555,US,0.19000000,3,2,1.00000000,2.17000008,0.35300
250601318097581882,136397298995916555,US,0.19000000,3,2,1.00000000,1.60000003,0.45810
8312553655937929854,136397298995916555,US,0.19000000,3,2,2.00000000,1.60000003,0.45810
6950788254365270235,136397298995916555,US,0.19000000,3,2,1.00000000,2.33999992,0.40857
880100727802382854,136397298995916555,US,0.15000000,3,2,1.00000000,8.56999970,0.27825
2643571233659939697,136397298995916555,US,0.19000000,3,2,1.00000000,2.33999992,0.40857
3628566164093988688,136397298995916555,US,0.19000000,3,2,2.00000000,2.33999992,0.40857
7698507249173605632,136397298995916555,US,0.19000000,3,2,2.00000000,2.33999992,0.37452
5093529183603660522,136397298995916555,US,0.19000000,3,2,1.00000000,2.33999992,0.40857
5708172785604112923,136397298995916555,US,0.19000000,3,2,2.00000000,2.33999992,0.40857
8606745164225788701,136397298995916555,US,0.19000000,3,2,2.00000000,2.33999992,0.51071
9178706523711043496,136397298995916555,US,0.19000000,3,2,1.00000000,2.33999992,0.40857
5628074917483755159,136397298995916555,US,0.19000000,3,2,2.00000000,2.33999992,0.40857
8131018666419317628,136397298995916555,US,0.19000000,3,2,1.00000000,2.33999992,0.40857
2505405123942028842,136397298995916555,US,0.19000000,3,2,1.00000000,2.33999992,0.40857
1622525141214510498,136397298995916555,US,0.19000000,3,2,1.00000000,2.33999992,0.40857
4387070018523342662,136397298995916555,US,0.19000000,3,2,1.00000000,2.33999992,0.40857
8741205235492290236,136397298995916555,US,0.19000000,3,2,1.00000000,2.33999992,0.40857
551971499561579964,136397298995916555,US,0.19000000,3,2,2.00000000,2.17000008,0.40006
3399798421114635727,136397298995916555,US,0.19000000,3,2,2.00000000,2.17000008,0.35300
511464483582709836,136397298995916555,US,0.19000000,3,2,2.00000000,1.60000003,0.45810
2139388855437342023,136397298995916555,US,0.19000000,3,2,3.00000000,1.60000003,0.38175
8684383564715902770,136397298995916555,US,0.19000000,3,2,1.00000000,2.33999992,0.40857
6934903082287485718,136397298995916555,US,0.19000000,3,2,1.00000000,2.33999992,0.40857
8973198261517068899,136397298995916555,US,0.19000000,3,2,1.00000000,2.33999992,0.40857
4086717197417679140,136397298995916555,US,0.19000000,3,2,1.00000000,2.33999992,0.40857
19013298546078878,136397298995916555,US,0.19000000,3,2,1.00000000,2.33999992,0.40857
5313742428803125072,136397298995916555,US,0.19000000,3,2,1.00000000,2.33999992,0.40857
209748165278639424,136397298995916555,US,0.19000000,3,2,1.00000000,2.33999992,0.36771
2028725268775416186,136397298995916555,US,0.19000000,3,2,1.00000000,2.33999992,0.34047
1717382212961010103,136397298995916555,US,0.19000000,3,2,6.00000000,2.33999992,0.34047
1947845095620042110,136397298995916555,US,0.19000000,3,2,1.00000000,2.33999992,0.40857
5685076641902039392,136397298995916555,US,0.19000000,3,2,1.00000000,2.33999992,0.40857
5378109015248143520,136397298995916555,US,0.19000000,3,2,2.00000000,2.33999992,0.40857
5284976764218296753,136397298995916555,US,0.19000000,3,2,1.00000000,2.33999992,0.40857
3040999302746309435,136397298995916555,US,0.19000000,3,2,1.00000000,2.33999992,0.40857
4200152080869549290,136397298995916555,US,0.19000000,3,2,2.00000000,2.33999992,0.40857
5537809203551932544,136397298995916555,US,0.19000000,3,2,2.00000000,2.33999992,0.34047
4954410451169496099,136397298995916555,US,0.19000000,3,2,1.00000000,2.33999992,0.40857
5702487009387368476,136397298995916555,US,0.19000000,3,2,1.00000000,2.33999992,0.51071
8869646217914046887,136397298995916555,US,0.15000000,3,2,1.00000000,2.82999993,0.32311
946991865955364931,136397298995916555,US,0.19000000,3,2,1.00000000,2.17000008,0.44713
3224656476370069707,136397298995916555,US,0.19000000,3,2,2.00000000,2.17000008,0.44713
1473509598377615447,136397298995916555,US,0.19000000,3,2,1.00000000,2.17000008,0.35300
7489240720133813449,136397298995916555,US,0.19000000,3,2,2.00000000,2.17000008,0.35300
3187275873531764510,136397298995916555,US,0.19000000,3,2,1.00000000,2.17000008,0.35300
5398955466534197306,136397298995916555,US,0.19000000,3,2,4.00000000,2.17000008,0.35300
26918781311470245,136397298995916555,US,0.19000000,3,2,2.00000000,2.17000008,0.35300
8103249275030334673,136397298995916555,US,0.19000000,3,2,2.00000000,1.60000003,0.45810
6617317481393607676,136397298995916555,US,0.19000000,3,2,2.00000000,1.60000003,0.45810
1523345220730841446,136397298995916555,US,0.19000000,3,2,3.00000000,1.60000003,0.45810
1746583948431397754,136397298995916555,US,0.19000000,3,2,3.00000000,1.60000003,0.45810
5185460084924489024,136397298995916555,US,0.19000000,3,2,3.00000000,1.60000003,0.45810
2511550696486030183,136397298995916555,US,0.19000000,3,2,2.00000000,2.33999992,0.47666
918624928913918539,136397298995916555,US,0.19000000,3,2,2.00000000,2.33999992,0.36771
3541342586622224124,136397298995916555,US,0.19000000,3,2,3.00000000,2.33999992,0.51071
2416414522321552184,136397298995916555,US,0.19000000,3,2,2.00000000,2.33999992,0.40857
1356406949833149738,136397298995916555,US,0.19000000,3,2,2.00000000,2.33999992,0.40857
3649006509685471008,136397298995916555,US,0.19000000,3,2,1.00000000,2.33999992,0.34047
6059655215652294809,136397298995916555,US,0.19000000,3,2,1.00000000,2.33999992,0.40857
2945181742477820409,136397298995916555,US,0.19000000,3,2,2.00000000,2.33999992,0.40857
6465902689759175929,136397298995916555,US,0.19000000,3,2,1.00000000,2.33999992,0.40857
3785599744667430342,136397298995916555,US,0.19000000,3,2,1.00000000,2.33999992,0.40857
9194893385795461556,136397298995916555,US,0.19000000,3,2,1.00000000,2.33999992,0.40857
786344100489313570,136397298995916555,US,0.19000000,3,2,1.00000000,2.33999992,0.40857
2217893874633536817,136397298995916555,US,0.19000000,3,2,2.00000000,2.33999992,0.40857
4221143902868164230,136397298995916555,US,0.19000000,3,2,2.00000000,2.33999992,0.40857
4950575463472667311,136397298995916555,US,0.19000000,3,2,2.00000000,2.33999992,0.40857
720511726463870077,136397298995916555,US,0.19000000,3,2,2.00000000,2.33999992,0.40857
8961997117772076762,136397298995916555,US,0.19000000,3,2,1.00000000,2.33999992,0.34047
1370131379073570585,136397298995916555,US,0.19000000,3,2,1.00000000,2.33999992,0.34047
759490323584220412,136397298995916555,US,0.19000000,3,2,2.00000000,2.33999992,0.40857
2945780534487261080,136397298995916555,US,0.19000000,3,2,1.00000000,2.33999992,0.40857
514419736396486397,136397298995916555,US,0.19000000,3,2,2.00000000,2.33999992,0.40857
9044375448962676741,136397298995916555,US,0.19000000,3,2,1.00000000,2.33999992,0.40857
6286000093699773293,136397298995916555,US,0.19000000,3,2,2.00000000,2.33999992,0.40857
1304851289967003849,136397298995916555,US,0.19000000,3,2,1.00000000,2.33999992,0.34047
810521710778465620,136397298995916555,US,0.19000000,3,2,2.00000000,2.33999992,0.40857
3976149690542310585,136397298995916555,US,0.19000000,3,2,3.00000000,2.33999992,0.40857
8412279585860706771,136397298995916555,US,0.19000000,3,2,2.00000000,2.33999992,0.51071
6020460555058713716,136397298995916555,US,0.19000000,3,2,1.00000000,2.33999992,0.40857
2973683963001286916,136397298995916555,US,0.19000000,3,2,1.00000000,2.33999992,0.40857
5475326531496778153,136397298995916555,US,0.19000000,3,2,2.00000000,2.33999992,0.40857
962464213720826962,136397298995916555,US,0.15000000,3,2,2.00000000,2.82999993,0.28510
2489359853139385461,136397298995916555,US,0.15000000,3,2,2.00000000,2.82999993,0.28510
683923740937915565,136397298995916555,US,0.19000000,3,2,1.00000000,2.17000008,0.35300
1322989148754566952,136397298995916555,US,0.19000000,3,2,1.00000000,2.17000008,0.35300
7808264644262547576,136397298995916555,US,0.19000000,3,2,7.00000000,2.17000008,0.35300
4247072251122465463,136397298995916555,US,0.19000000,3,2,1.00000000,2.17000008,0.35300
7228174553671666617,136397298995916555,US,0.19000000,3,2,2.00000000,1.60000003,0.45810
7459211390846755392,136397298995916555,US,0.19000000,3,2,1.00000000,2.33999992,0.51071
370307420948589543,136397298995916555,US,0.19000000,3,2,1.00000000,2.33999992,0.40857
5499997119102032342,136397298995916555,US,0.19000000,3,2,1.00000000,2.33999992,0.40857
9160315695985950783,136397298995916555,US,0.19000000,3,2,1.00000000,2.33999992,0.40857
7892493034780706686,136397298995916555,US,0.19000000,3,2,1.00000000,2.33999992,0.40857
5355453820746615177,136397298995916555,US,0.19000000,3,2,2.00000000,2.33999992,0.51752
3529410588535107210,136397298995916555,US,0.19000000,3,2,2.00000000,2.33999992,0.36771
4433644637775571438,136397298995916555,US,0.19000000,3,2,1.00000000,2.33999992,0.40857
4998696581585948694,136397298995916555,US,0.19000000,3,2,2.00000000,2.33999992,0.40857
5178527991124096617,136397298995916555,US,0.19000000,3,2,2.00000000,2.33999992,0.40857
2021570190966075682,136397298995916555,US,0.19000000,3,2,1.00000000,2.33999992,0.40857
6543089525734247015,136397298995916555,US,0.19000000,3,2,1.00000000,2.33999992,0.40857
713619633210100267,136397298995916555,US,0.19000000,3,2,4.00000000,2.33999992,0.40857
8915675611083013746,136397298995916555,US,0.19000000,3,2,3.00000000,2.33999992,0.40857
2685073543030318066,136397298995916555,US,0.19000000,3,2,2.00000000,2.33999992,0.40857
7555761294594911167,136397298995916555,US,0.19000000,3,2,1.00000000,2.33999992,0.36771
643727465109781902,136397298995916555,US,0.19000000,3,2,1.00000000,2.33999992,0.51071
2367000065201325984,136397298995916555,US,0.19000000,3,2,1.00000000,2.33999992,0.40857
606032317668777169,136397298995916555,US,0.19000000,3,2,1.00000000,2.33999992,0.40857
371492272350294931,136397298995916555,US,0.19000000,3,2,3.00000000,2.33999992,0.40857
1450757187461258751,136397298995916555,US,0.19000000,3,2,1.00000000,2.33999992,0.51752
2891118992673651904,136397298995916555,US,0.19000000,3,2,2.00000000,2.33999992,0.40857
3272171231939997611,136397298995916555,US,0.19000000,3,2,3.00000000,2.33999992,0.40857
1716465543715522355,136397298995916555,US,0.19000000,3,2,1.00000000,2.33999992,0.51071
3432842582449759787,136397298995916555,US,0.19000000,3,2,2.00000000,2.33999992,0.40857
2902250683093274092,136397298995916555,US,0.19000000,3,2,1.00000000,2.33999992,0.36771
2697422496478977132,136397298995916555,US,0.19000000,3,2,1.00000000,2.33999992,0.40857
5875904400205470821,136397298995916555,US,0.19000000,3,2,1.00000000,2.33999992,0.40857
2481192083174568976,136397298995916555,US,0.15000000,3,2,2.00000000,2.82999993,0.28510
2986577283211399567,136397298995916555,US,0.15000000,3,2,1.00000000,2.82999993,0.28510
8410055530853769926,136397298995916555,US,0.15000000,3,2,1.00000000,2.82999993,0.33261
2812193267568441610,136397298995916555,US,0.15000000,3,2,1.00000000,8.56999970,0.27825
7323041774584223723,136397298995916555,US,0.15000000,3,2,3.00000000,8.56999970,0.24551
2391013501114191075,136397298995916555,US,0.19000000,3,2,2.00000000,2.17000008,0.35300
4751703101328681148,136397298995916555,US,0.19000000,3,2,2.00000000,1.60000003,0.45810
5555214763562597619,136397298995916555,US,0.19000000,3,2,1.00000000,2.33999992,0.40167
8347692195693730877,136397298995916555,US,0.19000000,3,2,2.00000000,2.33999992,0.33472
7421926116308071981,136397298995916555,US,0.19000000,3,2,1.00000000,2.33999992,0.45522
6171949962747620796,136397298995916555,US,0.19000000,3,2,1.00000000,2.33999992,0.40167
5559133445670725415,136397298995916555,US,0.19000000,3,2,2.00000000,2.33999992,0.50878
867384488141146359,136397298995916555,US,0.19000000,3,2,1.00000000,2.33999992,0.40167
9036255515440327437,136397298995916555,US,0.19000000,3,2,2.00000000,2.33999992,0.45522
401327329770990238,136397298995916555,US,0.19000000,3,2,1.00000000,2.17000008,0.34092
7118527712853244697,136397298995916555,US,0.19000000,3,2,1.00000000,2.17000008,0.34092
4339754367830285234,136397298995916555,US,0.19000000,3,2,1.00000000,2.33999992,0.40167
6976153919867000229,136397298995916555,US,0.19000000,3,2,2.00000000,2.33999992,0.40167
8349811681036576584,136397298995916555,US,0.15000000,3,2,2.00000000,8.56999970,0.23852
9124681234678129047,136397298995916555,US,0.19000000,3,2,1.00000000,2.33999992,0.40167
4404772496404028575,136397298995916555,US,0.19000000,3,2,2.00000000,2.33999992,0.40167
7621032678931771204,136397298995916555,US,0.19000000,3,2,1.00000000,2.33999992,0.40167
3436783235284202873,136397298995916555,US,0.19000000,3,2,2.00000000,2.33999992,0.40167
5738827766435483241,136397298995916555,US,0.19000000,3,2,3.00000000,2.33999992,0.36150
3844424078596150869,136397298995916555,US,0.19000000,3,2,1.00000000,2.33999992,0.45522
2170278940445202441,136397298995916555,US,0.19000000,3,2,1.00000000,2.33999992,0.40167
1336734116154623589,136397298995916555,US,0.15000000,3,2,5.00000000,8.56999970,0.30036
8556375497797373972,136397298995916555,US,0.15000000,3,2,1.00000000,8.56999970,0.26502
823080220263450149,136397298995916555,US,0.15000000,3,2,2.00000000,8.56999970,0.30036
4745414419839035302,136397298995916555,US,0.19000000,3,2,1.00000000,2.33999992,0.40167
3540577558480584593,136397298995916555,US,0.19000000,3,2,2.00000000,2.33999992,0.40167
7237976728391934603,136397298995916555,US,0.19000000,3,2,2.00000000,2.33999992,0.45522
8720795471754474458,136397298995916555,US,0.19000000,3,2,2.00000000,2.33999992,0.40167
6844488588480672225,136397298995916555,US,0.19000000,3,2,4.00000000,2.33999992,0.40167
4102015607072756325,136397298995916555,US,0.19000000,3,2,1.00000000,2.33999992,0.46861
7632611926207182837,136397298995916555,US,0.19000000,3,2,2.00000000,2.33999992,0.40167
959011501146946024,136397298995916555,US,0.19000000,3,2,1.00000000,2.33999992,0.40167
3160551018717538364,136397298995916555,US,0.19000000,3,2,3.00000000,2.33999992,0.40167
8664686841215068553,136397298995916555,US,0.19000000,3,2,2.00000000,2.33999992,0.40167
6347740673204014205,136397298995916555,US,0.19000000,3,2,1.00000000,2.33999992,0.45522
5372784431518380505,136397298995916555,US,0.15000000,3,2,2.00000000,8.56999970,0.26502
518106118179501610,136397298995916555,US,0.15000000,3,2,3.00000000,8.56999970,0.26502
1296614700652311406,136397298995916555,US,0.15000000,3,2,3.00000000,8.56999970,0.26502
9191139632075924127,136397298995916555,US,0.15000000,3,2,2.00000000,8.56999970,0.26502
9205425416384898363,136397298995916555,US,0.19000000,3,2,1.00000000,2.17000008,0.34092
4871814159642833257,136397298995916555,US,0.19000000,3,2,3.00000000,2.17000008,0.34092
8781590654819956983,136397298995916555,US,0.19000000,3,2,2.00000000,2.33999992,0.40167
5296734541968767987,136397298995916555,US,0.19000000,3,2,1.00000000,2.33999992,0.50878
7309941774778944591,136397298995916555,US,0.19000000,3,2,8.00000000,2.33999992,0.40167
6274590067256247321,136397298995916555,US,0.19000000,3,2,1.00000000,2.33999992,0.40167
6455424172128171953,136397298995916555,US,0.19000000,3,2,1.00000000,2.33999992,0.40167
3730368925519009265,136397298995916555,US,0.19000000,3,2,6.00000000,2.33999992,0.40167
657503421334347203,136397298995916555,US,0.19000000,3,2,1.00000000,2.33999992,0.45522
7857480519947539299,136397298995916555,US,0.19000000,3,2,1.00000000,2.33999992,0.40167
4473667771978829089,136397298995916555,US,0.19000000,3,2,2.00000000,2.33999992,0.40167
5062235520740739493,136397298995916555,US,0.19000000,3,2,1.00000000,2.33999992,0.40167
1935146644136941087,136397298995916555,US,0.19000000,3,2,1.00000000,2.33999992,0.40167
1166637330881658013,136397298995916555,US,0.19000000,3,2,1.00000000,2.33999992,0.45522
239351272482150339,136397298995916555,US,0.19000000,3,2,2.00000000,2.33999992,0.40167
8086493006829466321,136397298995916555,US,0.19000000,3,2,2.00000000,2.33999992,0.40167
3730461494220693428,136397298995916555,US,0.19000000,3,2,1.00000000,2.33999992,0.40167
6580757479813069882,136397298995916555,US,0.19000000,3,2,3.00000000,2.33999992,0.46861
4636484518636961272,136397298995916555,US,0.19000000,3,2,4.00000000,2.33999992,0.40167
8759391219405551456,136397298995916555,US,0.19000000,3,2,1.00000000,2.33999992,0.40167
4544147121312132295,136397298995916555,US,0.19000000,3,2,3.00000000,2.33999992,0.40167
5640163377018706718,136397298995916555,US,0.19000000,3,2,1.00000000,2.33999992,0.40167
916592940076281305,136397298995916555,US,0.15000000,3,2,1.00000000,2.82999993,0.20129
3617196397470132458,136397298995916555,US,0.15000000,3,2,2.00000000,8.56999970,0.30036
2856335125027585566,136397298995916555,US,0.15000000,3,2,2.00000000,8.56999970,0.26502
1912961995735933709,136397298995916555,US,0.15000000,3,2,8.00000000,8.56999970,0.26502
884388031691731195,136397298995916555,US,0.15000000,3,2,3.00000000,8.56999970,0.26502
3577955755127153439,136397298995916555,US,0.15000000,3,2,3.00000000,8.56999970,0.22085
4531778734591381693,136397298995916555,US,0.19000000,3,2,2.00000000,2.17000008,0.43183
5663183086206924687,136397298995916555,US,0.19000000,3,2,1.00000000,2.17000008,0.38638
675174403373821159,136397298995916555,US,0.19000000,3,2,1.00000000,2.17000008,0.34092
4776119338404231536,136397298995916555,US,0.19000000,3,2,1.00000000,2.17000008,0.34092
1497310721354081976,136397298995916555,US,0.19000000,3,2,2.00000000,2.17000008,0.19125
6615411429573708558,136397298995916555,US,0.19000000,3,2,1.00000000,2.17000008,0.19125
7758607814138657596,136397298995916555,US,0.19000000,3,2,1.00000000,2.17000008,0.19125
3648115450159296363,136397298995916555,US,0.19000000,3,2,1.00000000,2.17000008,0.24225
1935161282027144667,1977222,US,0.06000000,3,2,2.00000000,3.43000007,0.45029
2049532094985679958,1977222,US,0.06000000,3,2,3.00000000,3.43000007,0.62540
1512075021330444439,1977222,US,0.06000000,3,2,3.00000000,3.43000007,0.41693
2546850269850560188,1977222,US,0.06000000,3,2,2.00000000,3.43000007,0.41693
6061709794005875684,1977222,US,0.06000000,3,2,3.00000000,3.43000007,0.41693
8796184589848766331,23623483929636663,US,0.00250000,3,2,1.00000000,0.38700000,0.02405
8976642468441598697,23623483929636663,US,0.00250000,3,2,1.00000000,0.38700000,0.02405
6931802846049948794,23623483929636663,US,0.00250000,3,2,1.00000000,0.38700000,0.02405
4859738885986255841,23623483929636663,US,0.00250000,3,2,1.00000000,0.38700000,0.02405
657679330921178699,23623483929636663,US,0.00250000,3,2,1.00000000,0.38700000,0.02405
127909502449627483,23623483929636663,US,0.00250000,3,2,2.00000000,0.38700000,0.02122
2305412853605556005,23623483929636663,US,0.00250000,3,2,1.00000000,0.38700000,0.02405
6288934477541603497,23623483929636663,US,0.00250000,3,2,1.00000000,0.38700000,0.01839
8879154324729652049,23623483929636663,US,0.00250000,3,2,1.00000000,0.38700000,0.01839
4458627935811395005,23623483929636663,US,0.00250000,3,2,1.00000000,0.38700000,0.02405
4085720766267043620,23623483929636663,US,0.00250000,3,2,3.00000000,0.38700000,0.02122
2862260301925649057,23623483929636663,US,0.00250000,3,2,2.00000000,0.38700000,0.02122
5123387466345569124,23623483929636663,US,0.00250000,3,2,1.00000000,0.38700000,0.02405
151034034356292069,23623483929636663,US,0.00250000,3,2,1.00000000,0.38700000,0.01769
1837738183661393447,23623483929636663,US,0.00250000,3,2,1.00000000,0.38700000,0.02122
462198132177980818,93331899455648127,GB,0.00072000,3,3,1.00000000,0.18032763,0.01696
8924008732454105448,1977222,US,0.06000000,3,2,1.00000000,3.43000007,0.58370
4949897467771796070,23623483929636663,US,0.00250000,3,2,1.00000000,0.38700000,0.02405
1406437239495285958,1977222,US,0.06000000,3,2,1.00000000,3.43000007,0.41693
3841425480855786543,1977222,US,0.06000000,3,2,2.00000000,3.43000007,0.45029
291347458082377528,1977222,US,0.06000000,3,2,1.00000000,3.43000007,0.63373
362892916053823024,23623483929636663,US,0.00250000,3,2,2.00000000,0.38700000,0.02405
317202164543432823,23623483929636663,US,0.00250000,3,2,1.00000000,0.38700000,0.01769
6804918586796906011,23623483929636663,US,0.00250000,3,2,1.00000000,0.38700000,0.02405
1229353921339347700,1977222,US,0.06000000,3,2,2.00000000,3.43000007,0.45029
8550308169593726956,1977222,US,0.06000000,3,2,2.00000000,3.43000007,0.58370
4731220902850964834,1977222,US,0.06000000,3,2,2.00000000,3.43000007,0.41693
6721459636607967282,23623483929636663,US,0.00250000,3,2,1.00000000,0.38700000,0.02122
6408138202254269885,23623483929636663,US,0.00250000,3,2,1.00000000,0.38700000,0.02405
7857392951275300450,23623483929636663,US,0.00250000,3,2,2.00000000,0.38700000,0.02405
6754034318220497686,23623483929636663,US,0.00250000,3,2,1.00000000,0.38700000,0.02405
2860012690839286862,23623483929636663,US,0.00250000,3,2,1.00000000,0.38700000,0.02405
6730650284256024643,23623483929636663,US,0.00250000,3,2,1.00000000,0.38700000,0.02653
3450701829582898654,23623483929636663,US,0.00250000,3,2,1.00000000,0.38700000,0.02405
3952230734309020082,23623483929636663,US,0.00250000,3,2,2.00000000,0.38700000,0.02122
6337305827829961344,23623483929636663,US,0.00250000,3,2,1.00000000,0.38700000,0.02122
5750876048965484498,1977222,US,0.06000000,3,2,1.00000000,3.43000007,0.58370
7448723931606376747,1977222,US,0.06000000,3,2,2.00000000,3.43000007,0.58370
765957980239978743,1977222,US,0.06000000,3,2,8.00000000,3.43000007,0.50032
1861556602808163203,1977222,US,0.06000000,3,2,1.00000000,3.43000007,0.50032
279442660927910821,1977222,US,0.06000000,3,2,1.00000000,3.43000007,0.50032
6311182949708455363,23623483929636663,US,0.00250000,3,2,1.00000000,0.38700000,0.02405
3950666626307651584,23623483929636663,US,0.00250000,3,2,2.00000000,0.38700000,0.02122
150628205425626816,23623483929636663,US,0.00250000,3,2,2.00000000,0.38700000,0.02122
3194504978731553868,23623483929636663,US,0.00250000,3,2,1.00000000,0.38700000,0.02405
4102207785080203789,23623483929636663,US,0.00250000,3,2,1.00000000,0.38700000,0.02653
8812387948680637025,23623483929636663,US,0.00250000,3,2,2.00000000,0.38700000,0.02122
8574703708432659828,23623483929636663,US,0.00250000,3,2,1.00000000,0.38700000,0.02405
5180352532701829573,23623483929636663,US,0.00250000,3,2,2.00000000,0.38700000,0.02405
8891203362170067572,23623483929636663,US,0.00250000,3,2,2.00000000,0.38700000,0.02405
6523616790790700435,23623483929636663,US,0.00250000,3,2,2.00000000,0.38700000,0.02405
6927077366363164956,23623483929636663,US,0.00250000,3,2,1.00000000,0.38700000,0.02122
4716393774477977685,23623483929636663,US,0.00250000,3,2,1.00000000,0.38700000,0.02653
1027210408654193615,23623483929636663,US,0.00250000,3,2,2.00000000,0.38700000,0.02405
2513765019003909014,23623483929636663,US,0.00250000,3,2,1.00000000,0.38700000,0.02405
512671476704996640,23623483929636663,US,0.00250000,3,2,1.00000000,0.38700000,0.02405
2983666444747593063,23623483929636663,US,0.00250000,3,2,1.00000000,0.38700000,0.02405
9183794380850234468,23623483929636663,US,0.00250000,3,2,1.00000000,0.38700000,0.02122
5272546749411420306,93331899455648127,GB,0.00072000,3,3,1.00000000,0.17710935,0.01333
5722001977202886834,1977222,US,0.06000000,3,2,3.00000000,3.43000007,0.41693
7450455534980914319,1977222,US,0.06000000,3,2,1.00000000,3.43000007,0.63373
8023604045303545017,1977222,US,0.06000000,3,2,1.00000000,3.43000007,0.50032
6860455306728146059,1977222,US,0.06000000,3,2,2.00000000,3.43000007,0.58370
3516697601592563326,1977222,US,0.06000000,3,2,1.00000000,3.43000007,0.50032
7853891918656073239,1977222,US,0.06000000,3,2,1.00000000,3.43000007,0.45029
3007507558594598711,1977222,US,0.06000000,3,2,2.00000000,3.43000007,0.58370
1345094224212278723,1977222,US,0.06000000,3,2,1.00000000,3.43000007,0.50032
6550077251834381010,1977222,US,0.06000000,3,2,3.00000000,3.43000007,0.63373
972683777512054182,1977222,US,0.06000000,3,2,3.00000000,3.43000007,0.50032
1866272525094196246,1977222,US,0.06000000,3,2,2.00000000,3.43000007,0.58370
8714476789139205473,1977222,US,0.06000000,3,2,1.00000000,3.43000007,0.58370
4521908827776146423,23623483929636663,US,0.00250000,3,2,1.00000000,0.38700000,0.02122
6468414913330093100,23623483929636663,US,0.00250000,3,2,1.00000000,0.38700000,0.02122
1157566007659192553,23623483929636663,US,0.00250000,3,2,2.00000000,0.38700000,0.02122
8748783658204606722,23623483929636663,US,0.00250000,3,2,2.00000000,0.38700000,0.01839
2611973549585648932,23623483929636663,US,0.00250000,3,2,2.00000000,0.38700000,0.02405
1446398717685222053,23623483929636663,US,0.00250000,3,2,3.00000000,0.38700000,0.02405
602207615651353700,23623483929636663,US,0.00250000,3,2,2.00000000,0.38700000,0.02122
7964582787517972905,23623483929636663,US,0.00250000,3,2,1.00000000,0.38700000,0.02122
6425497083083976133,23623483929636663,US,0.00250000,3,2,1.00000000,0.38700000,0.02405
3361030354371290747,23623483929636663,US,0.00250000,3,2,1.00000000,0.38700000,0.02405
2655985230236186388,23623483929636663,US,0.00250000,3,2,1.00000000,0.38700000,0.02122
8850631771930289333,23623483929636663,US,0.00250000,3,2,1.00000000,0.38700000,0.02405
3406181347708319316,23623483929636663,US,0.00250000,3,2,2.00000000,0.38700000,0.01839
9085401583692069443,23623483929636663,US,0.00250000,3,2,3.00000000,0.38700000,0.02122
1313329502349162590,23623483929636663,US,0.00250000,3,2,4.00000000,0.38700000,0.02122
5624807772519334394,23623483929636663,US,0.00250000,3,2,1.00000000,0.38700000,0.02405
7183907168272421589,23623483929636663,US,0.00250000,3,2,2.00000000,0.38700000,0.02405
2130535094379878053,23623483929636663,US,0.00250000,3,2,1.00000000,0.38700000,0.02405
5943333619276586138,23623483929636663,US,0.00250000,3,2,1.00000000,0.38700000,0.02122
6723832611974896315,23623483929636663,US,0.00250000,3,2,2.00000000,0.38700000,0.02405
1966899551666102344,23623483929636663,US,0.00250000,3,2,1.00000000,0.38700000,0.02653
4649837626797685112,23623483929636663,US,0.00250000,3,2,1.00000000,0.38700000,0.02122
2241604558968409934,23623483929636663,US,0.00250000,3,2,2.00000000,0.38700000,0.02405
5677960788215986579,23623483929636663,US,0.00250000,3,2,3.00000000,0.38700000,0.02405
7905954278433185721,23623483929636663,US,0.00250000,3,2,2.00000000,0.38700000,0.02405
5174506914956150684,23623483929636663,US,0.00250000,3,2,2.00000000,0.38700000,0.02122
7513683082810927982,23623483929636663,US,0.00250000,3,2,2.00000000,0.38700000,0.02405
3318148855546374752,23623483929636663,US,0.00250000,3,2,1.00000000,0.38700000,0.02405
1765999154317595223,23623483929636663,US,0.00250000,3,2,2.00000000,0.38700000,0.02405
5166137821993694921,23623483929636663,US,0.00250000,3,2,1.00000000,0.38700000,0.02405
9076826106261151710,23623483929636663,US,0.00250000,3,2,1.00000000,0.38700000,0.02122
4972318290631286829,23623483929636663,US,0.00250000,3,2,1.00000000,0.38700000,0.02405
7356931736931305061,23623483929636663,US,0.00250000,3,2,1.00000000,0.38700000,0.02405
8105382973444095693,23623483929636663,US,0.00250000,3,2,1.00000000,0.38700000,0.02405
416777214822291476,1977222,US,0.06000000,3,2,1.00000000,3.43000007,0.42634
1892964956562874109,1977222,US,0.06000000,3,2,2.00000000,3.43000007,0.47371
3823640269365212944,1977222,US,0.06000000,3,2,2.00000000,3.43000007,0.60004
2008670045749890044,1977222,US,0.06000000,3,2,1.00000000,3.43000007,0.47371
3670308227855056155,1977222,US,0.06000000,3,2,1.00000000,3.43000007,0.42634
5759224467758846872,1977222,US,0.06000000,3,2,1.00000000,3.43000007,0.60004
6011067247175272815,23623483929636663,US,0.00250000,3,2,1.00000000,0.38700000,0.02639
3782598110150120674,23623483929636663,US,0.00250000,3,2,2.00000000,0.38700000,0.02639
953123280541795182,23623483929636663,US,0.00250000,3,2,1.00000000,0.38700000,0.02639
158658602339956146,23623483929636663,US,0.00250000,3,2,3.00000000,0.38700000,0.02639
7151133713806838134,23623483929636663,US,0.00250000,3,2,2.00000000,0.38700000,0.01941
4451006311122216999,23623483929636663,US,0.00250000,3,2,1.00000000,0.38700000,0.02639
4556127176918341877,23623483929636663,US,0.00250000,3,2,2.00000000,0.38700000,0.02639
4273472613676454570,23623483929636663,US,0.00250000,3,2,1.00000000,0.38700000,0.02639
4757426694716317868,23623483929636663,US,0.00250000,3,2,1.00000000,0.38700000,0.02329
6511624561539695694,1977222,US,0.06000000,3,2,3.00000000,3.43000007,0.42634
2605709729091620525,1977222,US,0.06000000,3,2,2.00000000,3.43000007,0.47371
5935317986054519907,1977222,US,0.06000000,3,2,1.00000000,3.43000007,0.60004
6538500045203252114,23623483929636663,US,0.00250000,3,2,2.00000000,0.38700000,0.02639
1955993290461465225,23623483929636663,US,0.00250000,3,2,1.00000000,0.38700000,0.02639
2209799145666207928,1977222,US,0.06000000,3,2,1.00000000,3.43000007,0.60004
3721834079657476326,1977222,US,0.06000000,3,2,1.00000000,3.43000007,0.47371
5425943772365923561,1977222,US,0.06000000,3,2,1.00000000,3.43000007,0.43424
4361657928655355654,1977222,US,0.06000000,3,2,4.00000000,3.43000007,0.42634
3708287095635753364,1977222,US,0.06000000,3,2,1.00000000,3.43000007,0.60004
3811798874712534948,23623483929636663,US,0.00250000,3,2,2.00000000,0.38700000,0.02329
7178852828640812859,23623483929636663,US,0.00250000,3,2,2.00000000,0.38700000,0.02639
3159418505367450437,23623483929636663,US,0.00250000,3,2,2.00000000,0.38700000,0.02329
7873123257568433156,23623483929636663,US,0.00250000,3,2,1.00000000,0.38700000,0.02018
4782700103460433296,23623483929636663,US,0.00250000,3,2,2.00000000,0.03881413,0.02639
9028863510513768821,23623483929636663,US,0.00250000,3,2,1.00000000,0.38700000,0.02018
7123216262298952616,23623483929636663,US,0.00250000,3,2,1.00000000,0.38700000,0.02639
5801479298074727680,23623483929636663,US,0.00250000,3,2,1.00000000,0.38700000,0.02639
9161143318686520207,23623483929636663,US,0.00250000,3,2,1.00000000,0.38700000,0.02639
4448761782743039930,23623483929636663,US,0.00250000,3,2,2.00000000,0.38700000,0.02018
4030351054419278662,1977222,US,0.06000000,3,2,1.00000000,3.43000007,0.39476
3311458808880026679,1977222,US,0.06000000,3,2,1.00000000,3.43000007,0.47371
4342595744437621011,1977222,US,0.06000000,3,2,1.00000000,3.43000007,0.42634
5603642084318521359,1977222,US,0.06000000,3,2,3.00000000,3.43000007,0.55266
7332784211508462981,1977222,US,0.06000000,3,2,1.00000000,3.43000007,0.39476
2190765420842793980,1977222,US,0.06000000,3,2,2.00000000,3.43000007,0.42634
4211054234525779225,1977222,US,0.06000000,3,2,1.00000000,3.43000007,0.55266
4690872830565047082,1977222,US,0.06000000,3,2,2.00000000,3.43000007,0.43424
3486041934930893625,1977222,US,0.06000000,3,2,2.00000000,3.43000007,0.47371
1836659309302547989,1977222,US,0.06000000,3,2,1.00000000,3.43000007,0.47371
2129542201078096854,1977222,US,0.06000000,3,2,2.00000000,3.43000007,0.55266
6102227873579792441,1977222,US,0.06000000,3,2,3.00000000,3.43000007,0.47371
7059247881528694307,1977222,US,0.06000000,3,2,2.00000000,3.43000007,0.42634
1279034129915636321,1977222,US,0.06000000,3,2,1.00000000,3.43000007,0.39476
2058472350527599461,1977222,US,0.06000000,3,2,1.00000000,3.43000007,0.47371
5928019734788881736,1977222,US,0.06000000,3,2,1.00000000,3.43000007,0.43424
1714984001230586436,23623483929636663,US,0.00250000,3,2,1.00000000,0.38700000,0.02639
5445270984890919394,23623483929636663,US,0.00250000,3,2,1.00000000,0.38700000,0.02639
6345476988776966992,23623483929636663,US,0.00250000,3,2,5.00000000,0.38700000,0.02639
4291398598443514257,23623483929636663,US,0.00250000,3,2,1.00000000,0.38700000,0.02911
6487302873283847908,23623483929636663,US,0.00250000,3,2,2.00000000,0.38700000,0.02639
9054805321876744619,23623483929636663,US,0.00250000,3,2,2.00000000,0.38700000,0.02018
6388919601222114410,23623483929636663,US,0.00250000,3,2,2.00000000,0.38700000,0.02639
3396419678691236897,23623483929636663,US,0.00250000,3,2,1.00000000,0.38700000,0.02639
4543971489955697449,23623483929636663,US,0.00250000,3,2,2.00000000,0.38700000,0.02639
2064220885986797218,23623483929636663,US,0.00250000,3,2,1.00000000,0.38700000,0.02329
8104117102925503932,23623483929636663,US,0.00250000,3,2,1.00000000,0.38700000,0.02639
5023537458409160451,23623483929636663,US,0.00250000,3,2,1.00000000,0.38700000,0.02639
3617773554015195715,23623483929636663,US,0.00250000,3,2,1.00000000,0.38700000,0.02639
4001982744489870130,1977222,US,0.06000000,3,2,1.00000000,3.43000007,0.45577
4124234217983189686,136397298995916555,US,0.19000000,3,2,1.00000000,2.33999992,0.30052
3462994590904404650,136397298995916555,US,0.19000000,3,2,1.00000000,2.33999992,0.30052
4191399282948776555,136397298995916555,US,0.19000000,3,2,1.00000000,2.33999992,0.30052
5044824821303778564,136397298995916555,US,0.19000000,3,2,1.00000000,1.90999997,0.35232
5348447527989133122,136397298995916555,US,0.19000000,3,2,4.00000000,1.90999997,0.35232
3678944963008644605,136397298995916555,US,0.19000000,3,2,1.00000000,1.90999997,0.35232
7084509608714803860,136397298995916555,US,0.19000000,3,2,2.00000000,1.90999997,0.35232
877456084601343193,136397298995916555,US,0.19000000,3,2,1.00000000,1.90999997,0.35232
7633967571113922761,136397298995916555,US,0.19000000,3,2,1.00000000,1.90999997,0.35232
1128794059269974641,136397298995916555,US,0.19000000,3,2,1.00000000,1.90999997,0.35232
7512534506431575247,136397298995916555,US,0.19000000,3,2,2.00000000,1.90999997,0.35232
563288011004218545,136397298995916555,US,0.19000000,3,2,2.00000000,1.90999997,0.39929
5976737120686587393,136397298995916555,US,0.19000000,3,2,1.00000000,1.90999997,0.35232
4726688263606256951,136397298995916555,US,0.19000000,3,2,1.00000000,1.90999997,0.35232
4770712695922797264,136397298995916555,US,0.19000000,3,2,1.00000000,1.90999997,0.35232
4026368090071685372,136397298995916555,US,0.19000000,3,2,2.00000000,1.90999997,0.35232
7570279055726264061,136397298995916555,US,0.19000000,3,2,2.00000000,1.90999997,0.35232
8472668678045957206,136397298995916555,US,0.19000000,3,2,2.00000000,1.90999997,0.35232
8653641402330012664,136397298995916555,US,0.19000000,3,2,3.00000000,1.90999997,0.35232
2909993046169299289,136397298995916555,US,0.19000000,3,2,2.00000000,1.90999997,0.35232
4529393909342761513,136397298995916555,US,0.19000000,3,2,4.00000000,1.90999997,0.35232
2206019618900185378,136397298995916555,US,0.15000000,3,2,1.00000000,2.82999993,0.22108
5817435959457694306,136397298995916555,US,0.15000000,3,2,1.00000000,2.82999993,0.19897
7590607734277647344,136397298995916555,US,0.15000000,3,2,2.00000000,2.82999993,0.22108
7832111234768986515,136397298995916555,US,0.15000000,3,2,1.00000000,2.82999993,0.19897
43507896927770602,136397298995916555,US,0.19000000,3,2,3.00000000,1.88000000,0.32160
7252709130896862646,136397298995916555,US,0.19000000,3,2,2.00000000,1.88000000,0.32160
3398730438472942949,136397298995916555,US,0.19000000,3,2,1.00000000,3.11999989,0.61659
8683752430629786760,136397298995916555,US,0.19000000,3,2,1.00000000,3.11999989,0.61659
1568459186325514963,136397298995916555,US,0.19000000,3,2,2.00000000,3.11999989,0.51382
2988121192007669759,136397298995916555,US,0.19000000,3,2,4.00000000,1.90999997,0.35232
5500309951703583348,136397298995916555,US,0.19000000,3,2,2.00000000,1.90999997,0.35232
2934445673098167238,136397298995916555,US,0.15000000,3,2,4.00000000,2.82999993,0.22108
5379533838620884211,136397298995916555,US,0.15000000,3,2,1.00000000,2.82999993,0.22108
2218240990981410888,136397298995916555,US,0.19000000,3,2,2.00000000,3.11999989,0.77074
7575233481520394764,136397298995916555,US,0.19000000,3,2,2.00000000,3.11999989,0.56521
3329409232332737579,136397298995916555,US,0.19000000,3,2,2.00000000,1.90999997,0.44040
6771091717563267152,136397298995916555,US,0.19000000,3,2,2.00000000,1.90999997,0.35232
404270809864931735,136397298995916555,US,0.19000000,3,2,1.00000000,1.90999997,0.35232
2987101827837197428,136397298995916555,US,0.15000000,3,2,1.00000000,2.82999993,0.22108
806435285172051461,136397298995916555,US,0.15000000,3,2,2.00000000,2.82999993,0.25056
3344412008544993453,136397298995916555,US,0.19000000,3,2,1.00000000,3.11999989,0.51382
5903532605316111268,136397298995916555,US,0.19000000,3,2,2.00000000,3.11999989,0.61659
4972367647168996229,136397298995916555,US,0.19000000,3,2,2.00000000,1.90999997,0.35232
3672153529329204060,136397298995916555,US,0.19000000,3,2,1.00000000,1.90999997,0.39929
2459745550562942443,136397298995916555,US,0.19000000,3,2,1.00000000,1.90999997,0.35232
3445345308506166676,136397298995916555,US,0.19000000,3,2,4.00000000,1.90999997,0.44627
4257001682022055561,136397298995916555,US,0.19000000,3,2,2.00000000,1.90999997,0.35232
488416716369134491,136397298995916555,US,0.19000000,3,2,1.00000000,1.90999997,0.39929
3074939013308499669,136397298995916555,US,0.19000000,3,2,2.00000000,1.90999997,0.35232
7073588079498776818,136397298995916555,US,0.19000000,3,2,3.00000000,1.90999997,0.35232
59175027719898402,136397298995916555,US,0.19000000,3,2,2.00000000,1.90999997,0.35232
9212084303678345970,136397298995916555,US,0.19000000,3,2,2.00000000,1.90999997,0.35232
3543122728023137397,136397298995916555,US,0.19000000,3,2,2.00000000,1.90999997,0.35232
3365096140128303520,136397298995916555,US,0.19000000,3,2,1.00000000,1.90999997,0.35232
2469732019949266056,136397298995916555,US,0.19000000,3,2,2.00000000,1.90999997,0.35232
3982011050188720438,136397298995916555,US,0.19000000,3,2,1.00000000,1.90999997,0.35232
3896745389920753589,136397298995916555,US,0.19000000,3,2,1.00000000,1.90999997,0.35232
459565313510332371,136397298995916555,US,0.19000000,3,2,2.00000000,1.90999997,0.35232
5708151251996343703,136397298995916555,US,0.19000000,3,2,2.00000000,1.90999997,0.39929
6001624649877649464,136397298995916555,US,0.19000000,3,2,1.00000000,1.90999997,0.39929
4361638200763747558,136397298995916555,US,0.19000000,3,2,2.00000000,1.90999997,0.31709
9215489035927076375,136397298995916555,US,0.19000000,3,2,1.00000000,1.90999997,0.35232
3352196713609132132,136397298995916555,US,0.19000000,3,2,2.00000000,1.90999997,0.30534
4098280064173443765,136397298995916555,US,0.15000000,3,2,1.00000000,2.82999993,0.22108
7413362597445035449,136397298995916555,US,0.19000000,3,2,2.00000000,1.88000000,0.40736
628831774419807082,136397298995916555,US,0.19000000,3,2,3.00000000,1.88000000,0.32160
4927707632237973996,136397298995916555,US,0.19000000,3,2,4.00000000,0.53599458,0.32160
5161300591458388574,136397298995916555,US,0.19000000,3,2,1.00000000,1.88000000,0.36448
2030721759767794825,136397298995916555,US,0.19000000,3,2,2.00000000,1.88000000,0.32160
3612686931476705508,136397298995916555,US,0.19000000,3,2,2.00000000,1.88000000,0.36448
6458934397706409710,136397298995916555,US,0.19000000,3,2,1.00000000,1.88000000,0.32160
8205567469424728047,136397298995916555,US,0.19000000,3,2,1.00000000,1.88000000,0.32160
8689566303606482342,136397298995916555,US,0.19000000,3,2,1.00000000,3.11999989,0.77074
3883657602646380132,136397298995916555,US,0.19000000,3,2,2.00000000,3.11999989,0.77074
4889984718519805339,136397298995916555,US,0.19000000,3,2,1.00000000,3.11999989,0.51382
7772257809580411541,136397298995916555,US,0.19000000,3,2,1.00000000,3.11999989,0.71935
4445353682055673204,136397298995916555,US,0.19000000,3,2,1.00000000,2.33999992,0.34059
8518041693204444178,136397298995916555,US,0.19000000,3,2,2.00000000,1.90999997,0.35232
3150892874781155923,136397298995916555,US,0.19000000,3,2,1.00000000,1.90999997,0.31709
1231654638346699190,136397298995916555,US,0.19000000,3,2,2.00000000,1.90999997,0.35232
2862947381338901703,136397298995916555,US,0.19000000,3,2,1.00000000,1.90999997,0.31709
6654684968913734323,136397298995916555,US,0.19000000,3,2,2.00000000,1.90999997,0.35232
5156639664472145721,136397298995916555,US,0.19000000,3,2,2.00000000,1.90999997,0.35232
6281481089413091177,136397298995916555,US,0.19000000,3,2,2.00000000,1.90999997,0.35232
8583869805093851192,136397298995916555,US,0.19000000,3,2,1.00000000,1.90999997,0.35232
4919994460434540269,136397298995916555,US,0.19000000,3,2,2.00000000,1.90999997,0.29360
2478874226881988035,136397298995916555,US,0.19000000,3,2,4.00000000,1.90999997,0.29360
2942808709732058402,136397298995916555,US,0.19000000,3,2,4.00000000,1.90999997,0.35232
3672756887819375144,136397298995916555,US,0.19000000,3,2,4.00000000,1.90999997,0.35232
4752219815580731957,136397298995916555,US,0.19000000,3,2,1.00000000,1.90999997,0.35232
6506035913268545184,136397298995916555,US,0.19000000,3,2,2.00000000,1.90999997,0.39929
5641801781393967089,136397298995916555,US,0.19000000,3,2,2.00000000,1.90999997,0.29360
6659060643747724883,136397298995916555,US,0.19000000,3,2,2.00000000,1.90999997,0.35232
4995445157549314406,136397298995916555,US,0.19000000,3,2,2.00000000,1.90999997,0.35232
5899109713386054489,136397298995916555,US,0.19000000,3,2,1.00000000,1.90999997,0.35232
389192641127894310,136397298995916555,US,0.19000000,3,2,1.00000000,1.90999997,0.35232
1189029562766865811,136397298995916555,US,0.19000000,3,2,1.00000000,1.90999997,0.44627
5025617832705589678,136397298995916555,US,0.19000000,3,2,2.00000000,1.90999997,0.35232
5559600301425036192,136397298995916555,US,0.19000000,3,2,1.00000000,1.90999997,0.35232
1723821520557625211,136397298995916555,US,0.19000000,3,2,2.00000000,1.90999997,0.35232
5150707338906302254,136397298995916555,US,0.19000000,3,2,1.00000000,1.90999997,0.35232
351077824439256284,136397298995916555,US,0.19000000,3,2,2.00000000,1.90999997,0.35232
2688930760064796566,136397298995916555,US,0.19000000,3,2,1.00000000,1.90999997,0.39929
1086342620469791864,136397298995916555,US,0.19000000,3,2,1.00000000,1.90999997,0.39929
498430230169066018,136397298995916555,US,0.19000000,3,2,1.00000000,1.90999997,0.35232
4632337275720780578,136397298995916555,US,0.19000000,3,2,2.00000000,1.90999997,0.35232
8248046652474403151,136397298995916555,US,0.19000000,3,2,2.00000000,1.90999997,0.35232
2240286706641120777,136397298995916555,US,0.19000000,3,2,2.00000000,1.90999997,0.35232
422593832697817183,136397298995916555,US,0.19000000,3,2,2.00000000,1.90999997,0.35232
2587828258183274311,136397298995916555,US,0.19000000,3,2,2.00000000,1.90999997,0.35232
8790753917255349550,136397298995916555,US,0.19000000,3,2,2.00000000,1.90999997,0.35232
1130334537956312147,136397298995916555,US,0.19000000,3,2,1.00000000,1.90999997,0.35232
2170639690386219068,136397298995916555,US,0.19000000,3,2,2.00000000,1.90999997,0.35232
4420696233232882017,136397298995916555,US,0.19000000,3,2,4.00000000,1.90999997,0.35232
6874739473747857828,136397298995916555,US,0.15000000,3,2,1.00000000,2.82999993,0.22108
755564007745181977,136397298995916555,US,0.15000000,3,2,1.00000000,2.82999993,0.22108
5705392667017499045,136397298995916555,US,0.15000000,3,2,3.00000000,2.82999993,0.22108
253524465699284791,136397298995916555,US,0.15000000,3,2,1.00000000,2.82999993,0.22108
1723845400552430088,136397298995916555,US,0.15000000,3,2,1.00000000,2.82999993,0.25056
3148632763783389507,136397298995916555,US,0.15000000,3,2,1.00000000,2.82999993,0.22108
8658123139795442970,136397298995916555,US,0.15000000,3,2,1.00000000,2.82999993,0.22108
4028490271837169544,136397298995916555,US,0.19000000,3,2,1.00000000,1.88000000,0.32160
8070604831087581864,136397298995916555,US,0.19000000,3,2,2.00000000,3.11999989,0.56521
4746870328007161487,136397298995916555,US,0.19000000,3,2,1.00000000,3.11999989,0.71935
3668913364777258956,136397298995916555,US,0.19000000,3,2,1.00000000,3.11999989,0.51382
4942746075879207396,136397298995916555,US,0.19000000,3,2,1.00000000,2.17000008,0.34673
8935642123592413429,136397298995916555,US,0.19000000,3,2,2.00000000,1.90999997,0.49852
708459886515049400,136397298995916555,US,0.19000000,3,2,2.00000000,1.90999997,0.49852
3460720966300143464,136397298995916555,US,0.19000000,3,2,1.00000000,1.90999997,0.49852
8992921489526240490,136397298995916555,US,0.19000000,3,2,2.00000000,1.90999997,0.49852
7611587969678291997,136397298995916555,US,0.19000000,3,2,1.00000000,1.90999997,0.49852
3113405028126411841,136397298995916555,US,0.19000000,3,2,1.00000000,1.90999997,0.49852
5051564790616366960,136397298995916555,US,0.19000000,3,2,4.00000000,1.90999997,0.49852
5504843442414347072,136397298995916555,US,0.19000000,3,2,4.00000000,1.90999997,0.49852
8659355199415058437,136397298995916555,US,0.19000000,3,2,1.00000000,1.90999997,0.49852
7478972590275680377,136397298995916555,US,0.19000000,3,2,1.00000000,1.90999997,0.49852
7532756741024657733,136397298995916555,US,0.15000000,3,2,7.00000000,2.82999993,0.15609
4004927833866387475,136397298995916555,US,0.19000000,3,2,2.00000000,1.88000000,0.58100
882379679335211882,136397298995916555,US,0.19000000,3,2,3.00000000,3.11999989,0.69143
4017906299886176782,136397298995916555,US,0.19000000,3,2,1.00000000,1.90999997,0.44604
7045896265401382234,136397298995916555,US,0.19000000,3,2,2.00000000,1.90999997,0.49852
1344369573972824348,136397298995916555,US,0.19000000,3,2,1.00000000,1.90999997,0.49852
1011320046970667353,136397298995916555,US,0.19000000,3,2,3.00000000,1.90999997,0.49852
2878811497577944749,136397298995916555,US,0.19000000,3,2,1.00000000,1.90999997,0.49852
8072676575884915704,136397298995916555,US,0.19000000,3,2,2.00000000,1.90999997,0.44604
7177566728780768841,136397298995916555,US,0.19000000,3,2,1.00000000,1.90999997,0.44604
1178140803249719404,136397298995916555,US,0.19000000,3,2,2.00000000,1.90999997,0.49852
7687985583377816184,136397298995916555,US,0.19000000,3,2,4.00000000,1.90999997,0.39357
3817511518844827809,136397298995916555,US,0.19000000,3,2,2.00000000,1.90999997,0.49852
8399179283764525215,136397298995916555,US,0.15000000,3,2,2.00000000,2.82999993,0.15609
8652056086860284365,136397298995916555,US,0.19000000,3,2,1.00000000,2.33999992,0.29545
2545801993246682556,136397298995916555,US,0.19000000,3,2,2.00000000,1.90999997,0.49852
39762822446084281,136397298995916555,US,0.19000000,3,2,2.00000000,1.90999997,0.39357
9051275055384836861,136397298995916555,US,0.19000000,3,2,4.00000000,1.90999997,0.49852
8586683043695839621,136397298995916555,US,0.19000000,3,2,2.00000000,1.90999997,0.49852
3770660692340237413,136397298995916555,US,0.19000000,3,2,1.00000000,1.90999997,0.44604
7014237009113514333,136397298995916555,US,0.19000000,3,2,2.00000000,1.90999997,0.49852
2651118537088902594,136397298995916555,US,0.19000000,3,2,1.00000000,1.90999997,0.49852
5670818838191165144,136397298995916555,US,0.19000000,3,2,2.00000000,1.90999997,0.49852
6479680776286483866,136397298995916555,US,0.19000000,3,2,2.00000000,1.90999997,0.49852
2357250271756266891,136397298995916555,US,0.19000000,3,2,2.00000000,1.90999997,0.44604
2314879694691258875,136397298995916555,US,0.19000000,3,2,2.00000000,1.90999997,0.49852
5788908049859105379,136397298995916555,US,0.19000000,3,2,1.00000000,1.90999997,0.49852
8276609392126707641,136397298995916555,US,0.19000000,3,2,2.00000000,1.90999997,0.49852
4134784077706604929,136397298995916555,US,0.15000000,3,2,1.00000000,2.82999993,0.15609
2264921024343418252,136397298995916555,US,0.19000000,3,2,2.00000000,1.88000000,0.58874
8941798038503691946,136397298995916555,US,0.19000000,3,2,2.00000000,3.11999989,0.64534
3573558780957419501,136397298995916555,US,0.19000000,3,2,2.00000000,3.11999989,0.50705
8526774027655052527,136397298995916555,US,0.19000000,3,2,1.00000000,3.11999989,0.55314
5662024106296808749,136397298995916555,US,0.19000000,3,2,2.00000000,3.11999989,0.69143
7840756868949282395,136397298995916555,US,0.19000000,3,2,1.00000000,3.11999989,0.55314
2960628194358682973,136397298995916555,US,0.19000000,3,2,2.00000000,1.88000000,0.27950
3226598669121121391,136397298995916555,US,0.19000000,3,2,2.00000000,4.73000002,0.23354
2804678050830317285,23623483929636663,US,0.00250000,3,2,2.00000000,0.38700000,0.02267
4961098802250320083,23623483929636663,US,0.00250000,3,2,1.00000000,0.38700000,0.01667
8957208500966248801,136397298995916555,US,0.19000000,3,2,4.00000000,2.33999992,0.27853
8840022226057600262,1977222,US,0.06000000,3,2,1.00000000,3.43000007,0.60779
9219325122885356078,23623483929636663,US,0.00250000,3,2,2.00000000,0.38700000,0.02344
3847314638247736143,136397298995916555,US,0.19000000,3,2,1.00000000,2.33999992,0.42463
637579622346590954,136397298995916555,US,0.19000000,3,2,2.00000000,3.11999989,0.68780
2577957703784729416,136397298995916555,US,0.19000000,3,2,2.00000000,1.90999997,0.45851
9153401685244952423,136397298995916555,US,0.19000000,3,2,2.00000000,2.33999992,0.37424
5058942338194539018,1977222,US,0.06000000,3,2,1.00000000,3.43000007,0.59998
452220808128557035,23623483929636663,US,0.00250000,3,2,1.00000000,0.38700000,0.01674
3845913973103432915,23623483929636663,US,0.00250000,3,2,1.00000000,0.38700000,0.02512
9182624182251947377,1977222,US,0.06000000,3,2,2.00000000,3.43000007,0.52323
9111459391825189431,23623483929636663,US,0.00250000,3,2,2.00000000,0.38700000,0.02499
2669846556325859391,1977222,US,0.06000000,3,2,5.00000000,3.43000007,0.56807
8325871791212379637,136397298995916555,US,0.19000000,3,2,1.00000000,1.90999997,0.31050
4198874838775551626,23623483929636663,US,0.00250000,3,2,1.00000000,0.38700000,0.02521
6206892285042209228,23623483929636663,US,0.00250000,3,2,1.00000000,0.38700000,0.02405
654288656048286652,23623483929636663,US,0.00250000,3,2,1.00000000,0.38700000,0.02405
7267625062749653549,1977222,US,0.06000000,3,2,2.00000000,3.43000007,0.50032
1684331596928793412,23623483929636663,US,0.00250000,3,2,2.00000000,0.38700000,0.02122
2506698730848779853,23623483929636663,US,0.00250000,3,2,1.00000000,0.38700000,0.02639
5919668516295559464,1977222,US,0.06000000,3,2,1.00000000,3.43000007,0.60004
7969944742988083759,136397298995916555,US,0.19000000,3,2,1.00000000,1.90999997,0.35232
3218671774774785006,136397298995916555,US,0.19000000,3,2,1.00000000,1.90999997,0.44604
2919616809155915217,93331899455648127,AU,0.00062000,3,2,2.00000000,0.12531074,0.01356
7182631824401102603,136397298995916555,US,0.19000000,3,2,2.00000000,1.90999997,0.48833
8491222942466843109,136397298995916555,US,0.19000000,3,2,1.00000000,1.90999997,0.34881
9171780995848445904,136397298995916555,US,0.19000000,3,2,2.00000000,1.90999997,0.41857
5811606578195740726,23623483929636663,US,0.00250000,3,2,1.00000000,0.38700000,0.02405
1377430953680392807,23623483929636663,US,0.00250000,3,2,2.00000000,0.38700000,0.02639
2655897017751505861,136397298995916555,US,0.19000000,3,2,2.00000000,2.33999992,0.35061
5817028893665940973,136397298995916555,US,0.19000000,3,2,1.00000000,2.33999992,0.38066
7080338869043121469,136397298995916555,US,0.19000000,3,2,1.00000000,2.33999992,0.35061
3331176823090725326,136397298995916555,US,0.19000000,3,2,2.00000000,1.90999997,0.29360
3776949881561264407,136397298995916555,US,0.19000000,3,2,2.00000000,1.90999997,0.39357
1003947369138131309,136397298995916555,US,0.19000000,3,2,3.00000000,11.89999962,0.32661
6172270638716243104,23623483929636663,US,0.00250000,3,2,2.00000000,0.38700000,0.04332
6394297874862553056,1977222,US,0.06000000,3,2,2.00000000,3.43000007,1.02133
5728371146791234303,1977222,US,0.06000000,3,2,1.00000000,3.43000007,1.02133
266848776153137904,93331899455648127,CA,0.00062000,3,2,1.00000000,0.22046875,0.01738
6713243453012560804,136397298995916555,US,0.15000000,3,2,1.00000000,2.82999993,0.36104
6064048175432629143,136397298995916555,US,0.15000000,3,2,2.00000000,2.82999993,0.30087
4425394832197159367,1977222,US,0.06000000,3,2,3.00000000,3.43000007,0.80237
5581006421418869640,1977222,US,0.06000000,3,2,1.00000000,3.43000007,0.68774
5940253441155061584,23623483929636663,US,0.00250000,3,2,1.00000000,0.38700000,0.03306
7081072002605462167,23623483929636663,US,0.00250000,3,2,2.00000000,0.38700000,0.03306
1121677181217754653,1977222,US,0.06000000,3,2,1.00000000,3.43000007,0.63043
6431612144576442152,23623483929636663,US,0.00250000,3,2,1.00000000,0.38700000,0.03306
1963123139462582917,23623483929636663,US,0.00250000,3,2,2.00000000,0.38700000,0.03647
6650566129877554468,23623483929636663,US,0.00250000,3,2,1.00000000,0.38700000,0.03306
4681584621361442582,23623483929636663,US,0.00250000,3,2,1.00000000,0.38700000,0.03306
9210658883706406187,23623483929636663,US,0.00250000,3,2,1.00000000,0.38700000,0.03306
8242656901569935053,1977222,US,0.06000000,3,2,2.00000000,3.43000007,0.80237
3485598003386254171,1977222,US,0.06000000,3,2,2.00000000,3.43000007,0.57312
3097958631776256430,1977222,US,0.06000000,3,2,1.00000000,3.43000007,0.57312
1683256368781602464,23623483929636663,US,0.00250000,3,2,3.00000000,0.38700000,0.03306
6238513152335830150,23623483929636663,US,0.00250000,3,2,1.00000000,0.38700000,0.03306
1083220394491559686,23623483929636663,US,0.00250000,3,2,1.00000000,0.38700000,0.03306
3338044530946760387,23623483929636663,US,0.00250000,3,2,1.00000000,0.38700000,0.03306
4739115677299791842,1977222,US,0.06000000,3,2,2.00000000,3.43000007,0.59691
659051937452542444,1977222,US,0.06000000,3,2,2.00000000,3.43000007,0.81396
250783487155977692,1977222,US,0.06000000,3,2,5.00000000,3.43000007,0.59691
3909005684803826119,1977222,US,0.06000000,3,2,2.00000000,3.43000007,0.75970
5392440488813361381,23623483929636663,US,0.00250000,3,2,1.00000000,0.38700000,0.03628
4852297433964676521,23623483929636663,US,0.00250000,3,2,1.00000000,0.38700000,0.03201
2687583235570275061,23623483929636663,US,0.00250000,3,2,1.00000000,0.38700000,0.03628
1880484563121565265,23623483929636663,US,0.00250000,3,2,3.00000000,0.38700000,0.03884
6833145083470485642,136397298995916555,US,0.19000000,3,2,1.00000000,1.90999997,0.40358
7236176929942324795,136397298995916555,US,0.19000000,3,2,2.00000000,3.11999989,0.84757
2447146623276943075,136397298995916555,US,0.19000000,3,2,3.00000000,1.90999997,0.56502
588418571900972659,136397298995916555,US,0.19000000,3,2,2.00000000,1.90999997,0.48430
5248740408426865968,136397298995916555,US,0.19000000,3,2,2.00000000,1.90999997,0.48430
2514089312811966097,136397298995916555,US,0.19000000,3,2,2.00000000,1.90999997,0.43587
2766526173559285596,136397298995916555,US,0.19000000,3,2,2.00000000,1.90999997,0.48430
7294953753297123,136397298995916555,US,0.15000000,3,2,1.00000000,2.82999993,0.27351
5043367536795543557,136397298995916555,US,0.19000000,3,2,2.00000000,3.11999989,0.63363
7136881349776620866,136397298995916555,US,0.19000000,3,2,2.00000000,1.90999997,0.63117
2329817406060626915,136397298995916555,US,0.19000000,3,2,1.00000000,1.90999997,0.49592
5124368907227020290,136397298995916555,US,0.19000000,3,2,1.00000000,1.90999997,0.54100
5183042807706446828,136397298995916555,US,0.19000000,3,2,8.00000000,1.90999997,0.67626
1862201660409542541,1977222,US,0.06000000,3,2,1.00000000,3.43000007,0.64493
2578691504921014567,23623483929636663,US,0.00250000,3,2,1.00000000,0.38700000,0.02931
6352394617316921426,23623483929636663,US,0.00250000,3,2,1.00000000,0.38700000,0.02658
4679280984355115881,1977222,US,0.06000000,3,2,1.00000000,3.43000007,0.69100
2540048510128479518,23623483929636663,US,0.00250000,3,2,2.00000000,0.38700000,0.02345
72762101111530706,136397298995916555,US,0.19000000,3,2,2.00000000,2.33999992,0.33205
5829307014754409807,23623483929636663,US,0.00250000,3,2,1.00000000,0.38700000,0.02237
2430092261786691088,1977222,US,0.06000000,3,2,1.00000000,3.43000007,0.41878
6748097353049364651,1977222,US,0.06000000,3,2,5.00000000,3.43000007,0.38776
8217742180263350040,1977222,US,0.06000000,3,2,2.00000000,3.43000007,0.54286
6633210805162492657,23623483929636663,US,0.00250000,3,2,1.00000000,0.38700000,0.02237
8958835869306833131,1977222,US,0.06000000,3,2,1.00000000,3.43000007,0.38776
6156117984498490695,23623483929636663,US,0.00250000,3,2,1.00000000,0.38700000,0.01974
1614755935656423909,23623483929636663,US,0.00250000,3,2,2.00000000,0.38700000,0.02467
7642555803964820655,23623483929636663,US,0.00250000,3,2,2.00000000,0.38700000,0.02237
2594984031680823412,23623483929636663,US,0.00250000,3,2,1.00000000,0.38700000,0.01974
3232956652557047412,1977222,US,0.06000000,3,2,1.00000000,3.43000007,0.51399
2348176984871950610,23623483929636663,US,0.00250000,3,2,1.00000000,0.38700000,0.02455
8811970605795133233,23623483929636663,US,0.00250000,3,2,1.00000000,0.38700000,0.02455
3800384821872941051,23623483929636663,US,0.00250000,3,2,1.00000000,0.38700000,0.02166
5025558682799663804,23623483929636663,US,0.00250000,3,2,1.00000000,0.38700000,0.02166
4489957484724953063,136397298995916555,US,0.19000000,3,2,1.00000000,2.17000008,0.25458
5616460498398153279,136397298995916555,US,0.19000000,3,2,1.00000000,2.33999992,0.27950
8975899874285347167,136397298995916555,US,0.19000000,3,2,1.00000000,2.33999992,0.27950
7072572125030196094,136397298995916555,US,0.19000000,3,2,2.00000000,2.33999992,0.27950
5339609075064702399,136397298995916555,US,0.19000000,3,2,1.00000000,2.33999992,0.27950
2785889353136748238,136397298995916555,US,0.19000000,3,2,1.00000000,2.33999992,0.27950
6290050693808822384,136397298995916555,US,0.19000000,3,2,1.00000000,2.33999992,0.27950
8790463606049856970,136397298995916555,US,0.19000000,3,2,1.00000000,2.33999992,0.31676
7058678974793127222,136397298995916555,US,0.19000000,3,2,1.00000000,2.33999992,0.27478
3592806194592352169,136397298995916555,US,0.19000000,3,2,1.00000000,2.33999992,0.27478
7141572253255280801,136397298995916555,US,0.19000000,3,2,1.00000000,2.33999992,0.27478
8092171698710390534,136397298995916555,US,0.19000000,3,2,1.00000000,2.33999992,0.27478
5534585663449555487,136397298995916555,US,0.19000000,3,2,2.00000000,2.33999992,0.27478
8414650866276629358,136397298995916555,US,0.19000000,3,2,3.00000000,2.33999992,0.27478
5736292330991208620,1977222,US,0.06000000,3,2,1.00000000,2.56999994,0.26472
8872589604322985086,93331899455648127,AU,0.00062000,3,2,1.00000000,0.12531074,0.01477
7049752604326918286,23623483929636663,US,0.00250000,3,2,2.00000000,0.38700000,0.03057
8384199891466998181,93331899455648127,CA,0.00072000,3,2,2.00000000,0.22046875,0.01762
724640150101826093,23623483929636663,US,0.00250000,3,2,2.00000000,0.38700000,0.02473
5857670290166205732,1977222,US,0.06000000,3,2,1.00000000,3.43000007,0.58299
9125356841827426455,93331899455648127,CA,0.00072000,3,2,1.00000000,0.22046875,0.01437
3056674599212196638,93331899455648127,AU,0.00062000,3,2,3.00000000,0.13258772,0.01741
1327621700932497639,1977222,US,0.06000000,3,2,2.00000000,3.43000007,0.79499
3965505299817813186,23623483929636663,US,0.00250000,3,2,1.00000000,0.38700000,0.02248
3437891381613249147,23623483929636663,US,0.00250000,3,2,1.00000000,0.38700000,0.02960
6828677088542281196,23623483929636663,US,0.00250000,3,2,1.00000000,0.38700000,0.02467
8148618648252684112,136397298995916555,US,0.15000000,3,2,3.00000000,8.56999970,0.29923
1314764210655690469,136397298995916555,US,0.19000000,3,2,1.00000000,1.90999997,0.37321
8358617247421760146,136397298995916555,US,0.19000000,3,2,2.00000000,1.90999997,0.56729
3210500516059885554,136397298995916555,US,0.19000000,3,2,2.00000000,1.90999997,0.37321
105473072507681673,136397298995916555,US,0.19000000,3,2,8.00000000,10.89999962,0.96736
1849798766753779379,136397298995916555,US,0.19000000,3,2,5.00000000,10.89999962,1.03646
7383897852725900972,136397298995916555,US,0.19000000,3,2,1.00000000,10.89999962,0.96736
339485605426413994,136397298995916555,US,0.19000000,3,2,2.00000000,1.90999997,0.52250
3380591686211760795,136397298995916555,US,0.19000000,3,2,2.00000000,10.89999962,1.03646
7643483990113771650,136397298995916555,US,0.19000000,3,2,1.00000000,1.90999997,0.56729
8853051532214369510,136397298995916555,US,0.19000000,3,2,1.00000000,1.90999997,0.52250
8840590361210671151,136397298995916555,US,0.19000000,3,2,4.00000000,2.17000008,0.28997
8883744344426991791,136397298995916555,US,0.19000000,3,2,1.00000000,2.33999992,0.37557
5364670090263695993,136397298995916555,US,0.15000000,3,2,2.00000000,8.56999970,0.37154
8791879720124737694,136397298995916555,US,0.19000000,3,2,2.00000000,1.90999997,0.58368
7182221392852247903,23623483929636663,US,0.00250000,3,2,1.00000000,0.38700000,0.01769
3507750286364041291,136397298995916555,US,0.19000000,3,2,3.00000000,11.89999962,0.32661
2349775613279681774,136397298995916555,US,0.19000000,3,2,2.00000000,10.30000020,0.39473
9087695513790169264,136397298995916555,US,0.19000000,3,2,4.00000000,11.89999962,0.40545
509901024906358075,136397298995916555,US,0.19000000,3,2,2.00000000,11.89999962,0.40545
505965716848143816,136397298995916555,US,0.19000000,3,2,1.00000000,10.30000020,0.31797
1440202339136077313,136397298995916555,US,0.19000000,3,2,1.00000000,11.89999962,0.28156
180233123132095894,136397298995916555,US,0.19000000,3,2,1.00000000,11.89999962,0.32661
8210883560961512903,136397298995916555,US,0.19000000,3,2,1.00000000,11.89999962,0.40545
1398132654321959435,136397298995916555,US,0.19000000,3,2,4.00000000,11.89999962,0.58612
9017693550418787372,136397298995916555,US,0.19000000,3,2,2.00000000,11.89999962,0.63497
4321952939642290393,1977222,US,0.06000000,3,2,1.00000000,2.56999994,0.28015
1151019595296917608,136397298995916555,US,0.19000000,3,2,1.00000000,11.89999962,0.27492
2932618361183148050,136397298995916555,US,0.19000000,3,2,1.00000000,10.30000020,0.35994
5241900002490598586,136397298995916555,US,0.19000000,3,2,2.00000000,11.89999962,0.29388
500832952211955938,136397298995916555,US,0.19000000,3,2,1.00000000,10.30000020,0.28611
994974314785375698,136397298995916555,US,0.19000000,3,2,2.00000000,11.89999962,0.29388
197818155754051165,136397298995916555,US,0.19000000,3,2,1.00000000,11.89999962,0.29388
3043186174656146861,136397298995916555,US,0.19000000,3,2,1.00000000,11.89999962,0.23700
5941893585022333707,136397298995916555,US,0.19000000,3,2,1.00000000,11.89999962,0.29388
272586700152474101,136397298995916555,US,0.19000000,3,2,2.00000000,10.30000020,0.28611
3533528967472572416,136397298995916555,US,0.19000000,3,2,2.00000000,10.30000020,0.28611
6373598116429682735,136397298995916555,US,0.19000000,3,2,1.00000000,4.73000002,0.27846
